Strategy,Terminal P&L
学習戦略,-6.39875
学習戦略,-5.683074
学習戦略,-17.02798
学習戦略,-4.356488
学習戦略,-13.050042
学習戦略,-4.9951744
学習戦略,-17.838812
学習戦略,-8.858615
学習戦略,-0.37606844
学習戦略,-8.723975
学習戦略,-11.660107
学習戦略,-3.9868715
学習戦略,-14.688745
学習戦略,-1.9744651
学習戦略,-10.552163
学習戦略,-7.767907
学習戦略,-10.675295
学習戦略,-8.444255
学習戦略,-14.630018
学習戦略,-11.848963
学習戦略,-8.982311
学習戦略,-8.889592
学習戦略,-9.514154
学習戦略,-6.023266
学習戦略,-1.575971
学習戦略,-4.0667024
学習戦略,-1.0337633
学習戦略,-11.928109
学習戦略,-17.813465
学習戦略,-4.114273
学習戦略,-9.762236
学習戦略,-14.995181
学習戦略,-3.436507
学習戦略,-2.923041
学習戦略,-8.172374
学習戦略,-7.2297773
学習戦略,-9.194813
学習戦略,-12.067758
学習戦略,-1.4923184
学習戦略,-8.935225
学習戦略,-6.898776
学習戦略,-5.8891745
学習戦略,-8.867605
学習戦略,-11.219203
学習戦略,-6.346276
学習戦略,-4.582189
学習戦略,-1.8054626
学習戦略,-6.6964383
学習戦略,-10.267287
学習戦略,-1.6579282
学習戦略,-6.858084
学習戦略,-6.061277
学習戦略,-12.255397
学習戦略,-9.158298
学習戦略,-7.3263526
学習戦略,-9.641123
学習戦略,-17.022514
学習戦略,-5.382126
学習戦略,-7.584403
学習戦略,-7.7237062
学習戦略,-11.008896
学習戦略,-2.801723
学習戦略,-6.014045
学習戦略,-7.973434
学習戦略,-2.201191
学習戦略,-13.944156
学習戦略,-4.775881
学習戦略,-7.983079
学習戦略,-7.651088
学習戦略,-15.312683
学習戦略,-18.31396
学習戦略,-5.1365542
学習戦略,-16.603931
学習戦略,-5.025417
学習戦略,-4.8623343
学習戦略,-6.263807
学習戦略,-6.69654
学習戦略,-11.751244
学習戦略,-6.889607
学習戦略,-9.726615
学習戦略,-4.433854
学習戦略,-11.580262
学習戦略,-3.8552847
学習戦略,-4.8932047
学習戦略,-5.670026
学習戦略,-6.125756
学習戦略,-10.673667
学習戦略,-5.6794205
学習戦略,-14.254959
学習戦略,-6.980128
学習戦略,-5.979523
学習戦略,-7.791143
学習戦略,-11.3705225
学習戦略,-11.371737
学習戦略,-9.106494
学習戦略,-4.3557825
学習戦略,-6.6305943
学習戦略,-11.486571
学習戦略,-10.285954
学習戦略,-9.250148
学習戦略,-13.194947
学習戦略,-2.5469453
学習戦略,-8.39949
学習戦略,-5.6427984
学習戦略,-4.5835357
学習戦略,-8.818857
学習戦略,-11.571665
学習戦略,-8.716104
学習戦略,-7.106963
学習戦略,-5.707574
学習戦略,-3.3797874
学習戦略,-7.0844455
学習戦略,-5.1172395
学習戦略,-12.648934
学習戦略,-7.533053
学習戦略,-9.585962
学習戦略,-7.044888
学習戦略,-3.335229
学習戦略,-11.473198
学習戦略,-8.728347
学習戦略,-13.446434
学習戦略,-14.949446
学習戦略,-6.073658
学習戦略,-15.212476
学習戦略,-2.1279118
学習戦略,-3.0996482
学習戦略,-6.007337
学習戦略,-14.364463
学習戦略,-1.7523348
学習戦略,-1.7332257
学習戦略,-5.293979
学習戦略,-5.663564
学習戦略,-7.900973
学習戦略,-8.103847
学習戦略,-4.671714
学習戦略,-9.300166
学習戦略,-4.2331715
学習戦略,-10.402182
学習戦略,-9.110825
学習戦略,-4.6836157
学習戦略,-16.303755
学習戦略,-8.663762
学習戦略,-0.9936047
学習戦略,-8.17363
学習戦略,-3.299911
学習戦略,-2.5189471
学習戦略,-4.9244485
学習戦略,-7.588853
学習戦略,-5.0878367
学習戦略,-7.6454625
学習戦略,-3.6022103
学習戦略,-14.552887
学習戦略,-5.121613
学習戦略,-10.626543
学習戦略,-8.620694
学習戦略,-4.7763386
学習戦略,-8.575549
学習戦略,-7.6118464
学習戦略,-2.1772692
学習戦略,-16.343657
学習戦略,-3.4551208
学習戦略,-9.6942005
学習戦略,-11.541375
学習戦略,-2.1663175
学習戦略,-2.6655467
学習戦略,-8.871499
学習戦略,-3.9151864
学習戦略,-10.394053
学習戦略,-8.797697
学習戦略,-11.35576
学習戦略,-8.623271
学習戦略,-3.0784912
学習戦略,-9.384835
学習戦略,-9.32898
学習戦略,-10.334626
学習戦略,-17.95961
学習戦略,-7.9513855
学習戦略,-6.2801466
学習戦略,-11.290066
学習戦略,-4.0564175
学習戦略,-7.482247
学習戦略,-5.529175
学習戦略,-15.916288
学習戦略,-3.0786946
学習戦略,-11.845331
学習戦略,-13.586396
学習戦略,-7.4096003
学習戦略,-12.0673685
学習戦略,-6.903257
学習戦略,-8.467309
学習戦略,-6.6814284
学習戦略,-2.0257447
学習戦略,-10.357758
学習戦略,-7.1201997
学習戦略,-8.823524
学習戦略,-0.65837175
学習戦略,-9.885405
学習戦略,-7.321857
学習戦略,-6.4055862
学習戦略,-2.4068575
学習戦略,-3.9803236
学習戦略,-1.7476794
学習戦略,-8.450393
学習戦略,-7.192899
学習戦略,-4.9790893
学習戦略,-10.293336
学習戦略,-4.6761518
学習戦略,-13.052617
学習戦略,-1.3935671
学習戦略,-10.773319
学習戦略,-9.538557
学習戦略,-2.0070822
学習戦略,-5.067647
学習戦略,-5.971668
学習戦略,-4.475239
学習戦略,-10.789007
学習戦略,-5.0573554
学習戦略,-3.3670785
学習戦略,-3.4671297
学習戦略,-11.254632
学習戦略,-4.166494
学習戦略,-9.470856
学習戦略,-2.1736042
学習戦略,-11.404165
学習戦略,-6.1517096
学習戦略,-3.0100162
学習戦略,-2.8547533
学習戦略,-8.1548
学習戦略,-9.117567
学習戦略,-15.258193
学習戦略,-8.90375
学習戦略,-5.274508
学習戦略,-0.88569987
学習戦略,-4.016486
学習戦略,-2.8068783
学習戦略,-7.90376
学習戦略,-8.769401
学習戦略,-2.3551998
学習戦略,-17.08393
学習戦略,-9.598984
学習戦略,-2.4159634
学習戦略,-3.6243722
学習戦略,-4.6165
学習戦略,-8.812415
学習戦略,-4.35903
学習戦略,-7.980274
学習戦略,-4.101094
学習戦略,-3.468559
学習戦略,-11.806616
学習戦略,-16.372448
学習戦略,-4.101948
学習戦略,-7.8143635
学習戦略,-5.0718064
学習戦略,-8.894527
学習戦略,-2.1251383
学習戦略,-11.223325
学習戦略,-8.446014
学習戦略,-11.450053
学習戦略,-7.988443
学習戦略,-11.061187
学習戦略,-5.081441
学習戦略,-15.251477
学習戦略,-9.3341875
学習戦略,-5.3850293
学習戦略,-3.1965566
学習戦略,-11.533364
学習戦略,-0.6568194
学習戦略,-2.0956447
学習戦略,-8.882304
学習戦略,-18.86438
学習戦略,-12.32893
学習戦略,-11.715754
学習戦略,-8.527655
学習戦略,-7.972212
学習戦略,-13.523543
学習戦略,-17.476389
学習戦略,-2.829443
学習戦略,-10.3948555
学習戦略,-3.9634686
学習戦略,-3.6896727
学習戦略,-12.242318
学習戦略,-7.021556
学習戦略,-7.6180835
学習戦略,-8.21704
学習戦略,-9.799244
学習戦略,-2.8616738
学習戦略,-8.9793005
学習戦略,-15.013485
学習戦略,-11.427331
学習戦略,-6.871208
学習戦略,-4.6001053
学習戦略,-5.0857806
学習戦略,-7.7155366
学習戦略,-9.10534
学習戦略,-3.5311286
学習戦略,-9.402378
学習戦略,-14.161695
学習戦略,-8.432548
学習戦略,-4.9370217
学習戦略,-4.133129
学習戦略,-7.2069864
学習戦略,-5.3879547
学習戦略,-10.331242
学習戦略,-3.7253702
学習戦略,-3.613106
学習戦略,-10.56045
学習戦略,-5.8438945
学習戦略,-11.2956295
学習戦略,-5.3706126
学習戦略,-3.0160365
学習戦略,-6.6876082
学習戦略,-8.685431
学習戦略,-6.7720156
学習戦略,-1.8656925
学習戦略,-7.2240667
学習戦略,-9.882084
学習戦略,-6.6060576
学習戦略,-13.422699
学習戦略,-12.515233
学習戦略,-4.732203
学習戦略,-18.695585
学習戦略,-6.9515457
学習戦略,-4.630703
学習戦略,-3.6443393
学習戦略,-2.5043297
学習戦略,-3.148711
学習戦略,-9.268021
学習戦略,-6.0292997
学習戦略,-12.741459
学習戦略,-12.937465
学習戦略,-4.961124
学習戦略,-6.556656
学習戦略,-8.253155
学習戦略,-9.786998
学習戦略,-6.2278824
学習戦略,-9.181845
学習戦略,-7.080092
学習戦略,-8.681476
学習戦略,-8.574192
学習戦略,-2.8227293
学習戦略,-3.065709
学習戦略,-5.7787647
学習戦略,-4.9499946
学習戦略,-8.970348
学習戦略,-10.170488
学習戦略,-16.298668
学習戦略,-3.0786185
学習戦略,-0.73596555
学習戦略,-11.399859
学習戦略,-7.985519
学習戦略,-15.565531
学習戦略,-0.06714304
学習戦略,-3.78752
学習戦略,-13.940201
学習戦略,-10.2293825
学習戦略,-6.1727247
学習戦略,-2.6269674
学習戦略,-4.532897
学習戦略,-1.5417905
学習戦略,-10.415646
学習戦略,-12.548376
学習戦略,-9.8469925
学習戦略,-2.3932304
学習戦略,-11.582529
学習戦略,-9.79551
学習戦略,-13.083205
学習戦略,-5.848381
学習戦略,-4.4254613
学習戦略,-2.653191
学習戦略,-6.5068707
学習戦略,-1.5869315
学習戦略,-3.2295756
学習戦略,-14.098686
学習戦略,-5.3430514
学習戦略,-6.3130503
学習戦略,-4.528716
学習戦略,-8.779162
学習戦略,-5.6881514
学習戦略,-8.890867
学習戦略,-8.888922
学習戦略,-8.659494
学習戦略,-14.192421
学習戦略,-2.5778987
学習戦略,-12.784816
学習戦略,-5.983712
学習戦略,-16.37257
学習戦略,-8.166913
学習戦略,-18.380262
学習戦略,-10.138857
学習戦略,-6.094016
学習戦略,-4.798842
学習戦略,-1.6261775
学習戦略,-2.2892609
学習戦略,-4.1220345
学習戦略,-6.2584643
学習戦略,-14.698324
学習戦略,-1.686251
学習戦略,-14.083855
学習戦略,-13.65907
学習戦略,-2.4246898
学習戦略,-11.477756
学習戦略,-9.706527
学習戦略,-12.38552
学習戦略,-8.122392
学習戦略,-9.380332
学習戦略,-11.117438
学習戦略,-7.2266054
学習戦略,-9.167974
学習戦略,-8.307621
学習戦略,-17.67627
学習戦略,-11.365936
学習戦略,-10.770694
学習戦略,-3.8988912
学習戦略,-10.842534
学習戦略,-10.3024025
学習戦略,-3.6707954
学習戦略,-11.483083
学習戦略,-17.382597
学習戦略,-8.547775
学習戦略,-8.645882
学習戦略,-12.036765
学習戦略,-5.153713
学習戦略,-13.843904
学習戦略,-2.6311617
学習戦略,-10.592052
学習戦略,-8.164489
学習戦略,-2.3551166
学習戦略,-8.006665
学習戦略,-12.211035
学習戦略,-4.964701
学習戦略,-4.2236767
学習戦略,-5.93765
学習戦略,-4.447277
学習戦略,-2.7725487
学習戦略,-7.884457
学習戦略,-10.977127
学習戦略,-12.968274
学習戦略,-3.3285282
学習戦略,-2.9399467
学習戦略,-7.475293
学習戦略,-1.191056
学習戦略,-6.363768
学習戦略,-3.979319
学習戦略,-4.4355936
学習戦略,-8.548375
学習戦略,-1.2736313
学習戦略,-6.175223
学習戦略,-15.156536
学習戦略,-8.230275
学習戦略,-13.6026945
学習戦略,-7.386415
学習戦略,-5.8220315
学習戦略,-9.336604
学習戦略,-11.934265
学習戦略,-7.991987
学習戦略,-9.07051
学習戦略,-9.672465
学習戦略,-8.751891
学習戦略,-3.703314
学習戦略,-11.233434
学習戦略,-12.889435
学習戦略,-9.295626
学習戦略,-2.0592442
学習戦略,-11.275917
学習戦略,-3.4321568
学習戦略,-8.967788
学習戦略,-1.7381322
学習戦略,-10.072435
学習戦略,-10.001409
学習戦略,-4.806071
学習戦略,-4.116167
学習戦略,-6.279957
学習戦略,-5.341634
学習戦略,-4.5993414
学習戦略,-14.1280575
学習戦略,-15.31484
学習戦略,-4.935534
学習戦略,-6.047156
学習戦略,-12.2033205
学習戦略,-7.31976
学習戦略,-9.909871
学習戦略,-4.745792
学習戦略,-17.276594
学習戦略,-13.668093
学習戦略,-8.368389
学習戦略,-14.401223
学習戦略,-6.939627
学習戦略,-6.926884
学習戦略,-10.115839
学習戦略,-3.1231937
学習戦略,-4.425234
学習戦略,-6.150395
学習戦略,-4.50851
学習戦略,-6.0456386
学習戦略,-10.185411
学習戦略,-5.0146456
学習戦略,-14.554409
学習戦略,-9.549121
学習戦略,-7.916764
学習戦略,-5.8671384
学習戦略,-4.9844418
学習戦略,-13.381517
学習戦略,-11.184281
学習戦略,-9.122892
学習戦略,-6.8071675
学習戦略,-4.379152
学習戦略,-4.73062
学習戦略,-1.7090586
学習戦略,-11.428116
学習戦略,-2.552665
学習戦略,-11.773896
学習戦略,-13.604953
学習戦略,-6.106306
学習戦略,-12.265334
学習戦略,-15.619624
学習戦略,-7.311118
学習戦略,-15.628044
学習戦略,-4.8971744
学習戦略,-7.134667
学習戦略,-9.427422
学習戦略,-7.8976583
学習戦略,-4.816243
学習戦略,-19.807327
学習戦略,-9.013706
学習戦略,-3.9808702
学習戦略,-15.218089
学習戦略,-9.257981
学習戦略,-6.3984666
学習戦略,-4.46725
学習戦略,-5.058145
学習戦略,-14.764481
学習戦略,-7.76103
学習戦略,-5.3305645
学習戦略,-5.8837814
学習戦略,-16.153696
学習戦略,-6.860418
学習戦略,-10.865519
学習戦略,-12.556154
学習戦略,-16.82057
学習戦略,-11.372381
学習戦略,-9.939501
学習戦略,-6.7316003
学習戦略,-2.3845694
学習戦略,-11.939817
学習戦略,-1.3109438
学習戦略,-3.999258
学習戦略,-14.401791
学習戦略,-13.144757
学習戦略,-1.5792729
学習戦略,-3.0141208
学習戦略,-4.8473263
学習戦略,-4.285667
学習戦略,-1.4233993
学習戦略,-10.880659
学習戦略,-10.6803055
学習戦略,-10.631459
学習戦略,-10.824164
学習戦略,-7.8248672
学習戦略,-6.7244954
学習戦略,-8.682145
学習戦略,-14.14775
学習戦略,-1.8776834
学習戦略,-15.329689
学習戦略,-7.120102
学習戦略,-2.3348734
学習戦略,-16.168823
学習戦略,-5.543834
学習戦略,-3.0684144
学習戦略,-1.54411
学習戦略,-6.502853
学習戦略,-15.610778
学習戦略,-3.641046
学習戦略,-7.41998
学習戦略,-3.8548286
学習戦略,-12.629147
学習戦略,-5.0202827
学習戦略,-6.335253
学習戦略,-14.664442
学習戦略,-4.0139766
学習戦略,-13.979847
学習戦略,-5.8439384
学習戦略,-12.674227
学習戦略,-7.4808507
学習戦略,-2.1479814
学習戦略,-11.81931
学習戦略,-0.9058021
学習戦略,-5.437461
学習戦略,-15.586642
学習戦略,-11.394247
学習戦略,-5.183867
学習戦略,-6.3540554
学習戦略,-7.5790567
学習戦略,-8.447105
学習戦略,-4.9267926
学習戦略,-8.8152895
学習戦略,-18.35174
学習戦略,-12.600141
学習戦略,-6.95504
学習戦略,-2.838485
学習戦略,-17.023853
学習戦略,-4.763373
学習戦略,-12.369131
学習戦略,-4.824477
学習戦略,-7.4419756
学習戦略,-7.067993
学習戦略,-10.360191
学習戦略,-10.438589
学習戦略,-14.0420475
学習戦略,-6.4091334
学習戦略,-9.269132
学習戦略,-3.1842535
学習戦略,-10.678389
学習戦略,-8.654427
学習戦略,-12.071972
学習戦略,-10.323633
学習戦略,-9.712128
学習戦略,-10.06456
学習戦略,-4.6179256
学習戦略,-5.8881726
学習戦略,-2.6207008
学習戦略,-1.01798
学習戦略,-2.3906004
学習戦略,-3.377818
学習戦略,-13.615711
学習戦略,-2.1580513
学習戦略,-3.390128
学習戦略,-2.1055863
学習戦略,-9.881477
学習戦略,-16.950752
学習戦略,-8.683297
学習戦略,-6.882699
学習戦略,-11.047133
学習戦略,-7.4415784
学習戦略,-4.7555504
学習戦略,-4.688682
学習戦略,-9.079336
学習戦略,-5.383008
学習戦略,-13.3344965
学習戦略,-7.4514675
学習戦略,-6.348483
学習戦略,-4.550761
学習戦略,-4.4578967
学習戦略,-1.8635495
学習戦略,-8.328345
学習戦略,-9.184933
学習戦略,-1.6331851
学習戦略,-9.068737
学習戦略,-6.9670134
学習戦略,-17.87965
学習戦略,-9.243977
学習戦略,-5.4310575
学習戦略,-7.611763
学習戦略,-0.8205899
学習戦略,-7.638742
学習戦略,-2.357349
学習戦略,-4.1841035
学習戦略,-0.7817643
学習戦略,-13.327652
学習戦略,-3.5406194
学習戦略,-7.6185565
学習戦略,-17.98379
学習戦略,-15.614618
学習戦略,-9.517405
学習戦略,-8.625106
学習戦略,-4.883455
学習戦略,-9.933933
学習戦略,-6.9770136
学習戦略,-3.0746114
学習戦略,-10.284071
学習戦略,-9.234415
学習戦略,-9.25235
学習戦略,-4.790543
学習戦略,-3.051625
学習戦略,-5.0078216
学習戦略,-11.436865
学習戦略,-9.952652
学習戦略,-2.2290492
学習戦略,-9.153948
学習戦略,-4.967778
学習戦略,-9.555966
学習戦略,-9.7905035
学習戦略,-2.9363124
学習戦略,-3.3450627
学習戦略,-4.288921
学習戦略,-6.1178694
学習戦略,-1.9603652
学習戦略,-8.065848
学習戦略,-6.8528786
学習戦略,-7.263397
学習戦略,-5.587793
学習戦略,-14.342623
学習戦略,-4.469731
学習戦略,-5.807208
学習戦略,-13.892796
学習戦略,-15.299234
学習戦略,-2.4043975
学習戦略,-1.5590017
学習戦略,-3.3368957
学習戦略,-10.703631
学習戦略,-12.395945
学習戦略,-16.042286
学習戦略,-11.120351
学習戦略,-0.9779641
学習戦略,-4.047989
学習戦略,-1.8331099
学習戦略,-5.723973
学習戦略,-1.8460315
学習戦略,-8.300748
学習戦略,-8.149635
学習戦略,-7.9814377
学習戦略,-12.129491
学習戦略,-2.6079454
学習戦略,-4.3313603
学習戦略,-1.0315942
学習戦略,-8.492977
学習戦略,-2.6806114
学習戦略,-12.427638
学習戦略,-5.429102
学習戦略,-5.5189333
学習戦略,-5.7003975
学習戦略,-6.4749923
学習戦略,-6.73736
学習戦略,-3.3286047
学習戦略,-1.2774576
学習戦略,-5.699861
学習戦略,-7.792774
学習戦略,-1.3077202
学習戦略,-5.663909
学習戦略,-13.70112
学習戦略,-6.129488
学習戦略,-16.335901
学習戦略,-2.892178
学習戦略,-11.351406
学習戦略,-9.692373
学習戦略,-7.0476336
学習戦略,-15.555459
学習戦略,-2.918175
学習戦略,-7.281576
学習戦略,-11.725142
学習戦略,-8.162128
学習戦略,-11.70708
学習戦略,-10.02156
学習戦略,-7.1965723
学習戦略,-10.502298
学習戦略,-2.5832958
学習戦略,-14.930612
学習戦略,-3.460149
学習戦略,-3.013968
学習戦略,-14.470337
学習戦略,-2.4612212
学習戦略,-5.2689614
学習戦略,-13.937334
学習戦略,-15.759649
学習戦略,-5.7713842
学習戦略,-17.09781
学習戦略,-10.282734
学習戦略,-6.7720475
学習戦略,-10.201002
学習戦略,-12.035441
学習戦略,-8.823702
学習戦略,-2.2054527
学習戦略,-15.748949
学習戦略,-6.473681
学習戦略,-5.9387636
学習戦略,-5.081788
学習戦略,-15.271225
学習戦略,-9.721756
学習戦略,-4.4591355
学習戦略,-7.463456
学習戦略,-2.131328
学習戦略,-5.6029744
学習戦略,-14.681529
学習戦略,-5.76634
学習戦略,-6.013812
学習戦略,-6.83365
学習戦略,-1.7016293
学習戦略,-5.6238184
学習戦略,-0.59094346
学習戦略,-5.475247
学習戦略,-0.008192971
学習戦略,-11.176596
学習戦略,-11.260275
学習戦略,-7.058886
学習戦略,-5.6531873
学習戦略,-14.168943
学習戦略,-7.6214905
学習戦略,-7.1606283
学習戦略,-8.195263
学習戦略,-7.5976896
学習戦略,-7.032335
学習戦略,-8.864971
学習戦略,-15.988975
学習戦略,-9.022273
学習戦略,-5.7516418
学習戦略,-9.116876
学習戦略,-8.316795
学習戦略,-8.016121
学習戦略,-7.457054
学習戦略,-7.4020042
学習戦略,-6.583464
学習戦略,-6.490687
学習戦略,-10.13773
学習戦略,-5.983519
学習戦略,-4.5437965
学習戦略,-13.44237
学習戦略,-5.352554
学習戦略,-6.7868376
学習戦略,-7.454003
学習戦略,-6.5781565
学習戦略,-4.740057
学習戦略,-4.429533
学習戦略,-16.156645
学習戦略,-11.316318
学習戦略,-11.454859
学習戦略,-7.67351
学習戦略,-13.841194
学習戦略,-5.7183137
学習戦略,-15.011722
学習戦略,-14.335957
学習戦略,-11.275676
学習戦略,-13.805496
学習戦略,-10.312143
学習戦略,-14.33485
学習戦略,-15.013643
学習戦略,-2.374235
学習戦略,-3.9210045
学習戦略,-16.90855
学習戦略,-1.9190515
学習戦略,-4.696638
学習戦略,-6.4795814
学習戦略,-16.47539
学習戦略,-7.5844564
学習戦略,-2.0793462
学習戦略,-12.95968
学習戦略,-2.7180479
学習戦略,-6.8194947
学習戦略,-9.376083
学習戦略,-8.282271
学習戦略,-11.687677
学習戦略,-10.452287
学習戦略,-8.717524
学習戦略,-10.001283
学習戦略,-2.6019726
学習戦略,-3.6308918
学習戦略,-11.167079
学習戦略,-7.226098
学習戦略,-9.197432
学習戦略,-7.2688136
学習戦略,-14.039472
学習戦略,-4.4924173
学習戦略,-14.781265
学習戦略,-7.0986795
学習戦略,-12.859837
学習戦略,-9.884773
学習戦略,-4.489638
学習戦略,-3.9238973
学習戦略,-11.278641
学習戦略,-15.763247
学習戦略,-7.0697064
学習戦略,-9.768847
学習戦略,-4.2838273
学習戦略,-4.249845
学習戦略,-6.063902
学習戦略,-13.28615
学習戦略,-5.496957
学習戦略,-6.0395675
学習戦略,-12.125737
学習戦略,-0.7572147
学習戦略,-7.3575177
学習戦略,-6.44246
学習戦略,-12.468801
学習戦略,-7.299363
学習戦略,-8.147818
学習戦略,-5.1872096
学習戦略,-2.420485
学習戦略,-9.256997
学習戦略,-4.7127457
学習戦略,-3.3249187
学習戦略,-10.43446
学習戦略,-13.422369
学習戦略,-6.895531
学習戦略,-3.5926766
学習戦略,-7.1725883
学習戦略,-9.269348
学習戦略,-2.1882045
学習戦略,-6.7964687
学習戦略,-4.2667603
学習戦略,-9.512796
学習戦略,-6.682588
学習戦略,-8.880364
学習戦略,-2.7785437
学習戦略,-11.501421
学習戦略,-11.577722
学習戦略,-10.098813
学習戦略,-14.074082
学習戦略,-6.1625233
学習戦略,-7.200388
学習戦略,-7.0952964
学習戦略,-9.152353
学習戦略,-9.571353
学習戦略,-10.36539
学習戦略,-5.4170275
学習戦略,-12.309954
学習戦略,-4.5471134
学習戦略,-5.812279
学習戦略,-15.12922
学習戦略,-11.752006
学習戦略,-3.1353536
学習戦略,-7.3516817
学習戦略,-11.007149
学習戦略,-12.460553
学習戦略,-12.984091
学習戦略,-6.1830325
学習戦略,-9.660135
学習戦略,-15.97411
学習戦略,-12.089279
学習戦略,-3.6114547
学習戦略,-8.270126
学習戦略,-7.1231155
学習戦略,-13.038204
学習戦略,-5.915771
学習戦略,-12.006634
学習戦略,-3.3248339
学習戦略,-8.497267
学習戦略,-8.205908
学習戦略,-2.8410904
学習戦略,-8.133966
学習戦略,-6.697427
学習戦略,-6.1746173
学習戦略,-10.871384
学習戦略,-8.367055
学習戦略,-15.115239
学習戦略,-5.6333294
学習戦略,-4.0818076
学習戦略,-14.745755
学習戦略,-11.989325
学習戦略,-2.9892132
学習戦略,-5.546039
学習戦略,-3.9815423
学習戦略,-5.626043
学習戦略,-13.476685
学習戦略,-4.016506
学習戦略,-6.5905676
学習戦略,-9.476082
学習戦略,-9.883153
学習戦略,-7.253566
学習戦略,-6.1297836
学習戦略,-17.242886
学習戦略,-3.6653702
学習戦略,-7.760532
学習戦略,-10.710169
学習戦略,-4.6532016
学習戦略,-17.2112
学習戦略,-2.1561599
学習戦略,-3.131242
学習戦略,-11.678951
学習戦略,-9.604306
学習戦略,-6.7276897
学習戦略,-2.6731548
学習戦略,-4.786047
学習戦略,-14.491752
学習戦略,-10.492893
学習戦略,-8.540526
学習戦略,-12.042385
学習戦略,-11.55156
学習戦略,-5.1102786
学習戦略,-9.0163765
学習戦略,-0.63449013
学習戦略,-3.5051906
学習戦略,-10.265288
学習戦略,-4.4814267
学習戦略,-7.390591
学習戦略,-12.925614
学習戦略,-5.11501
学習戦略,-0.65190285
学習戦略,-2.8353918
学習戦略,-6.8159013
学習戦略,-6.3203483
学習戦略,-6.676127
学習戦略,-10.722393
学習戦略,-12.723604
学習戦略,-4.0770416
学習戦略,-9.140116
学習戦略,-7.327611
学習戦略,-5.926661
学習戦略,-3.7829218
学習戦略,-10.794401
学習戦略,-2.5761147
学習戦略,-1.4639955
学習戦略,-7.545281
学習戦略,-7.731643
学習戦略,-10.61997
学習戦略,-7.4987764
学習戦略,-15.401243
学習戦略,-2.8075252
学習戦略,-5.5933986
学習戦略,-5.431288
学習戦略,-16.465908
学習戦略,-7.813511
学習戦略,-8.167794
学習戦略,-2.2845125
学習戦略,-12.002492
学習戦略,-4.0365186
学習戦略,-5.4845357
学習戦略,-8.620578
学習戦略,-11.261852
学習戦略,-10.035432
学習戦略,-14.010106
学習戦略,-9.059901
学習戦略,-1.8121794
学習戦略,-12.215214
学習戦略,-5.4279847
学習戦略,-13.274773
学習戦略,-12.634454
学習戦略,-7.2125835
学習戦略,-13.501812
学習戦略,-11.111334
学習戦略,-3.716804
学習戦略,-12.524893
学習戦略,-6.6466203
学習戦略,-3.3291378
学習戦略,-3.0839827
学習戦略,-3.416838
学習戦略,-3.5468087
学習戦略,-6.5208373
学習戦略,-3.867427
学習戦略,-3.4864242
学習戦略,-9.806348
学習戦略,-9.59586
学習戦略,-3.8708327
学習戦略,-7.046695
学習戦略,-2.4971507
学習戦略,-5.309988
学習戦略,-7.0553827
学習戦略,-14.703888
学習戦略,-16.732527
学習戦略,-10.312564
学習戦略,-16.364552
学習戦略,-5.4902987
学習戦略,-15.03419
学習戦略,-7.415082
学習戦略,-6.631755
学習戦略,-4.936802
学習戦略,-8.250654
学習戦略,-6.9902205
学習戦略,-2.1091037
学習戦略,-5.582859
学習戦略,-11.715184
学習戦略,-5.4556923
学習戦略,-7.847533
学習戦略,-16.42309
学習戦略,-6.8939443
学習戦略,-14.52849
学習戦略,-8.916537
学習戦略,-7.400685
学習戦略,-3.52504
学習戦略,-9.043453
学習戦略,-8.3517685
学習戦略,-11.785884
学習戦略,-6.918553
学習戦略,-11.756616
学習戦略,-7.2325144
学習戦略,-2.2857354
学習戦略,-5.3370304
学習戦略,-6.959347
学習戦略,-3.96986
学習戦略,-9.36136
学習戦略,-4.2486987
学習戦略,-8.153249
学習戦略,-7.4844265
学習戦略,-10.024614
学習戦略,-6.9182878
学習戦略,-13.817942
学習戦略,-2.2268677
学習戦略,-7.488638
学習戦略,-5.102751
学習戦略,-11.488869
学習戦略,-6.6048684
学習戦略,-1.9479293
学習戦略,-9.799247
学習戦略,-13.894533
学習戦略,-3.640109
学習戦略,-0.5275295
学習戦略,-11.3731575
学習戦略,-8.49157
学習戦略,-7.1521974
学習戦略,-2.2824547
学習戦略,-5.8187594
学習戦略,-5.0934143
学習戦略,-1.7057315
学習戦略,-8.121107
学習戦略,-6.321397
学習戦略,-8.804787
学習戦略,-16.369967
学習戦略,-2.5611157
学習戦略,-12.748694
学習戦略,-9.077695
学習戦略,-14.159348
学習戦略,-8.471059
学習戦略,-13.013616
学習戦略,-10.365266
学習戦略,-7.635239
学習戦略,-2.0345874
学習戦略,-2.7498
学習戦略,-3.8869393
学習戦略,-17.605742
学習戦略,-7.481358
学習戦略,-2.396194
学習戦略,-12.868833
学習戦略,-7.491399
学習戦略,-11.034109
学習戦略,-13.971945
学習戦略,-8.630711
学習戦略,-4.3963437
学習戦略,-2.804738
学習戦略,-11.337504
学習戦略,-11.0148325
学習戦略,-7.15243
学習戦略,-8.818242
学習戦略,-11.69524
学習戦略,-16.863007
学習戦略,-6.168487
学習戦略,-16.95238
学習戦略,-9.543417
学習戦略,-12.862457
学習戦略,-6.873784
学習戦略,-10.500366
学習戦略,-1.5017384
学習戦略,-13.451455
学習戦略,-9.525751
学習戦略,-5.1881895
学習戦略,-18.094477
学習戦略,-12.647217
学習戦略,-8.087468
学習戦略,-7.0357103
学習戦略,-2.0360403
学習戦略,-4.5274134
学習戦略,-14.178511
学習戦略,-3.9677255
学習戦略,-6.91316
学習戦略,-3.7099433
学習戦略,-14.026771
学習戦略,-1.9153242
学習戦略,-5.9612637
学習戦略,-7.017528
学習戦略,-6.5411425
学習戦略,-5.6020336
学習戦略,-11.99296
学習戦略,-4.3541865
学習戦略,-12.472909
学習戦略,-12.250279
学習戦略,-2.6331813
学習戦略,-2.3628018
学習戦略,-5.7996407
学習戦略,-1.555327
学習戦略,-11.086473
学習戦略,-7.4866714
学習戦略,-6.235042
学習戦略,-2.9522974
学習戦略,-5.7846913
学習戦略,-11.351704
学習戦略,-8.169699
学習戦略,-13.426387
学習戦略,-3.4697652
学習戦略,-1.6595955
学習戦略,-9.600276
学習戦略,-4.0805135
学習戦略,-3.5379052
学習戦略,-11.259241
学習戦略,-17.45858
学習戦略,-13.214227
学習戦略,-0.53207654
学習戦略,-8.472186
学習戦略,-3.2275088
学習戦略,-15.403262
学習戦略,-6.1079903
学習戦略,-12.079364
学習戦略,-7.239203
学習戦略,-6.14025
学習戦略,-16.701744
学習戦略,-8.461249
学習戦略,-9.93678
学習戦略,-12.53459
学習戦略,-2.1538415
学習戦略,-2.1897895
学習戦略,-2.6064596
学習戦略,-6.7905817
学習戦略,-7.096932
学習戦略,-9.047797
学習戦略,-4.5174227
学習戦略,-2.3778346
学習戦略,-6.8352737
学習戦略,-8.648278
学習戦略,-9.858556
学習戦略,-5.9126186
学習戦略,-10.243195
学習戦略,-11.75644
学習戦略,-1.8646233
学習戦略,-13.537691
学習戦略,-11.504947
学習戦略,-1.6701313
学習戦略,-14.155738
学習戦略,-4.0809245
学習戦略,-5.140805
学習戦略,-10.384433
学習戦略,-7.4954376
学習戦略,-11.83463
学習戦略,-6.09449
学習戦略,-11.553318
学習戦略,-11.613421
学習戦略,-6.6431956
学習戦略,-10.556376
学習戦略,-7.3719544
学習戦略,-13.146374
学習戦略,-7.9552
学習戦略,-7.5232596
学習戦略,-3.9478428
学習戦略,-12.674394
学習戦略,-2.8595438
学習戦略,-10.193444
学習戦略,-7.778774
学習戦略,-4.345866
学習戦略,-19.22264
学習戦略,-10.632926
学習戦略,-7.7053847
学習戦略,-7.7876353
学習戦略,-5.8391576
学習戦略,-4.1585736
学習戦略,-3.8930163
学習戦略,-3.7553902
学習戦略,-13.029592
学習戦略,-3.8819485
学習戦略,-3.197205
学習戦略,-12.852484
学習戦略,-7.71708
学習戦略,-10.904861
学習戦略,-7.651095
学習戦略,-6.1906757
学習戦略,-14.739886
学習戦略,-14.830019
学習戦略,-1.433564
学習戦略,-11.089985
学習戦略,-9.972927
学習戦略,-11.509468
学習戦略,-8.213907
学習戦略,-4.647102
学習戦略,-16.919973
学習戦略,-12.015922
学習戦略,-1.5483253
学習戦略,-3.1733067
学習戦略,-10.965423
学習戦略,-12.257877
学習戦略,-9.026477
学習戦略,-5.163532
学習戦略,-12.80067
学習戦略,-13.71834
学習戦略,-2.8908436
学習戦略,-14.375338
学習戦略,-11.018669
学習戦略,-3.402789
学習戦略,-7.469808
学習戦略,-7.177823
学習戦略,-6.7693815
学習戦略,-13.685516
学習戦略,-5.8709493
学習戦略,-2.1228428
学習戦略,-8.031064
学習戦略,-4.055079
学習戦略,-8.744246
学習戦略,-15.333232
学習戦略,-12.333057
学習戦略,-5.6772957
学習戦略,-6.7869678
学習戦略,-13.717138
学習戦略,-10.094179
学習戦略,-6.2851186
学習戦略,-5.873285
学習戦略,-5.7293677
学習戦略,-9.238961
学習戦略,-7.706037
学習戦略,-5.095248
学習戦略,-11.718837
学習戦略,-6.2051134
学習戦略,-8.353446
学習戦略,-14.795952
学習戦略,-1.5430489
学習戦略,-10.979754
学習戦略,-1.5608225
学習戦略,-5.983312
学習戦略,-2.5077386
学習戦略,-5.830295
学習戦略,-7.594924
学習戦略,-12.612475
学習戦略,-12.55027
学習戦略,-3.2674546
学習戦略,-15.690839
学習戦略,-6.4304276
学習戦略,-10.051248
学習戦略,-11.311708
学習戦略,-12.857014
学習戦略,-0.4598481
学習戦略,-4.0398426
学習戦略,-9.81688
学習戦略,-7.37775
学習戦略,-3.6404362
学習戦略,-8.5598545
学習戦略,-16.933807
学習戦略,-12.118954
学習戦略,-6.787109
学習戦略,-3.2547
学習戦略,-11.094055
学習戦略,-8.738754
学習戦略,-14.448142
学習戦略,-8.093429
学習戦略,-3.5875127
学習戦略,-10.694844
学習戦略,-3.2706788
学習戦略,-10.895364
学習戦略,-8.538859
学習戦略,-7.4020047
学習戦略,-6.618312
学習戦略,-6.485823
学習戦略,-3.831646
学習戦略,-12.059528
学習戦略,-3.0057383
学習戦略,-5.133832
学習戦略,-1.6710267
学習戦略,-6.0440464
学習戦略,-7.314054
学習戦略,-4.2179046
学習戦略,-5.2007804
学習戦略,-8.41185
学習戦略,-3.6870039
学習戦略,-13.865385
学習戦略,-8.616489
学習戦略,-6.6330094
学習戦略,-10.160687
学習戦略,-4.948462
学習戦略,-10.498072
学習戦略,-5.5647397
学習戦略,-14.224373
学習戦略,-5.2298927
学習戦略,-11.614657
学習戦略,-3.3021417
学習戦略,-11.309634
学習戦略,-8.503526
学習戦略,-1.7356513
学習戦略,-15.589437
学習戦略,-3.7875957
学習戦略,-11.362566
学習戦略,-10.733749
学習戦略,-16.88708
学習戦略,-8.216295
学習戦略,-6.2252955
学習戦略,-10.716238
学習戦略,-8.6503
学習戦略,-3.3405418
学習戦略,-7.1403484
学習戦略,-13.175809
学習戦略,-3.5648172
学習戦略,-2.481409
学習戦略,-5.4576526
学習戦略,-4.9718657
学習戦略,-2.2991405
学習戦略,-13.679767
学習戦略,-1.3977754
学習戦略,-10.924347
学習戦略,-9.142317
学習戦略,-5.432216
学習戦略,-6.910535
学習戦略,-5.049946
学習戦略,-5.9916625
学習戦略,-6.6037865
学習戦略,-3.0722005
学習戦略,-3.7258096
学習戦略,-9.591426
学習戦略,-6.1122537
学習戦略,-8.431976
学習戦略,-11.063043
学習戦略,-8.2748
学習戦略,-14.421109
学習戦略,-6.342479
学習戦略,-2.9076533
学習戦略,-5.095402
学習戦略,-5.3854012
学習戦略,-10.709164
学習戦略,-12.095109
学習戦略,-10.127142
学習戦略,-4.0800786
学習戦略,-8.920285
学習戦略,-8.441094
学習戦略,-5.6211586
学習戦略,-5.5575385
学習戦略,-11.413339
学習戦略,-3.2311509
学習戦略,-12.888875
学習戦略,-12.166283
学習戦略,-6.8079166
学習戦略,-7.6646047
学習戦略,-6.9682584
学習戦略,-8.078346
学習戦略,-10.437596
学習戦略,-6.2240887
学習戦略,-10.670318
学習戦略,-1.497104
学習戦略,-6.306227
学習戦略,-2.4465501
学習戦略,-5.761367
学習戦略,-3.069817
学習戦略,-8.084209
学習戦略,-16.320919
学習戦略,-8.205635
学習戦略,-1.5756115
学習戦略,-14.39117
学習戦略,-2.8155344
学習戦略,-5.0657983
学習戦略,-13.949569
学習戦略,-6.8150625
学習戦略,-1.4228771
学習戦略,-5.24266
学習戦略,-4.4423428
学習戦略,-5.382506
学習戦略,-5.6996884
学習戦略,-8.0306425
学習戦略,-18.416664
学習戦略,-10.746707
学習戦略,-9.143594
学習戦略,-11.70762
学習戦略,-14.893214
学習戦略,-11.903889
学習戦略,-5.8621364
学習戦略,-8.934933
学習戦略,-5.3815565
学習戦略,-1.0521193
学習戦略,-9.226047
学習戦略,-10.233114
学習戦略,-12.693301
学習戦略,-5.640479
学習戦略,-1.3984342
学習戦略,-8.310512
学習戦略,-12.303439
学習戦略,-10.928019
学習戦略,-8.499287
学習戦略,-12.669173
学習戦略,-11.963127
学習戦略,-12.818152
学習戦略,-4.9184732
学習戦略,-9.513331
学習戦略,-11.468959
学習戦略,-10.403777
学習戦略,-10.829565
学習戦略,-8.018968
学習戦略,-2.0231478
学習戦略,-1.9304181
学習戦略,-8.086872
学習戦略,-12.186529
学習戦略,-4.890786
学習戦略,-8.80643
学習戦略,-8.306316
学習戦略,-8.199181
学習戦略,-14.094331
学習戦略,-6.1160703
学習戦略,-5.311806
学習戦略,-21.208958
学習戦略,-9.004986
学習戦略,-4.1763206
学習戦略,-6.6720448
学習戦略,-15.776464
学習戦略,-5.515338
学習戦略,-12.937215
学習戦略,-8.464331
学習戦略,-12.21453
学習戦略,-1.0329707
学習戦略,-7.901649
学習戦略,-8.973813
学習戦略,-15.012237
学習戦略,-7.5509763
学習戦略,-3.569893
学習戦略,-7.126022
学習戦略,-4.4394836
学習戦略,-9.187261
学習戦略,-16.588064
学習戦略,-15.572604
学習戦略,-11.630634
学習戦略,-1.7114481
学習戦略,-9.021959
学習戦略,-11.232268
学習戦略,-2.9210582
学習戦略,-4.925516
学習戦略,-14.164168
学習戦略,-8.776466
学習戦略,-10.755949
学習戦略,-6.016885
学習戦略,-2.8646302
学習戦略,-12.697103
学習戦略,-4.543327
学習戦略,-6.5734987
学習戦略,-10.701131
学習戦略,-12.932505
学習戦略,-4.3128324
学習戦略,-14.797739
学習戦略,-9.233413
学習戦略,-5.3616977
学習戦略,-9.100327
学習戦略,-10.960943
学習戦略,-2.9547088
学習戦略,-7.105072
学習戦略,-13.517334
学習戦略,-4.60612
学習戦略,-14.487144
学習戦略,-5.5831213
学習戦略,-1.2889258
学習戦略,-4.9485126
学習戦略,-10.850055
学習戦略,-12.349171
学習戦略,-18.679026
学習戦略,-10.64858
学習戦略,-3.1193478
学習戦略,-2.3217056
学習戦略,-3.9665172
学習戦略,-6.3858786
学習戦略,-2.7310903
学習戦略,-3.7957864
学習戦略,-3.3249671
学習戦略,-3.385015
学習戦略,-3.6062307
学習戦略,-13.338645
学習戦略,-10.886201
学習戦略,-1.5370061
学習戦略,-3.1740606
学習戦略,-15.556221
学習戦略,-2.6245546
学習戦略,-3.036463
学習戦略,-6.6513176
学習戦略,-8.210346
学習戦略,-13.380732
学習戦略,-4.1873903
学習戦略,-1.6358169
学習戦略,-10.878345
学習戦略,-2.2952073
学習戦略,-2.621925
学習戦略,-2.5260715
学習戦略,-3.4305818
学習戦略,-10.88118
学習戦略,-6.142186
学習戦略,-13.556383
学習戦略,-4.7364416
学習戦略,-1.6826938
学習戦略,-5.9957194
学習戦略,-6.2360606
学習戦略,-11.552676
学習戦略,-13.695019
学習戦略,-2.2233608
学習戦略,-11.807494
学習戦略,-12.449537
学習戦略,-10.754112
学習戦略,-1.5071125
学習戦略,-1.7633865
学習戦略,-13.808626
学習戦略,-4.1404457
学習戦略,-15.255292
学習戦略,-10.927505
学習戦略,-4.657368
学習戦略,-10.66828
学習戦略,-12.5163555
学習戦略,-10.070176
学習戦略,-17.294954
学習戦略,-3.5313458
学習戦略,-12.855363
学習戦略,-2.8747888
学習戦略,-4.6856937
学習戦略,-3.4703724
学習戦略,-3.5604005
学習戦略,-2.3093202
学習戦略,-8.725928
学習戦略,-5.1846747
学習戦略,-3.743621
学習戦略,-3.0726073
学習戦略,-7.734808
学習戦略,-9.146821
学習戦略,-10.260894
学習戦略,-3.6584318
学習戦略,-6.625554
学習戦略,-4.9757504
学習戦略,-3.1498566
学習戦略,-2.3950913
学習戦略,-15.487393
学習戦略,-17.08474
学習戦略,-9.222782
学習戦略,-1.1354816
学習戦略,-12.237113
学習戦略,-2.7197099
学習戦略,-9.128493
学習戦略,-4.1514325
学習戦略,-13.760485
学習戦略,-9.465611
学習戦略,-14.8554325
学習戦略,-4.4730787
学習戦略,-15.741537
学習戦略,-9.879891
学習戦略,-3.469933
学習戦略,-8.09432
学習戦略,-2.682392
学習戦略,-3.4447184
学習戦略,-10.853368
学習戦略,-8.609578
学習戦略,-5.0892777
学習戦略,-14.494804
学習戦略,-8.093284
学習戦略,-2.3892517
学習戦略,-12.625198
学習戦略,-14.820602
学習戦略,-1.5272775
学習戦略,-5.985016
学習戦略,-21.782534
学習戦略,-7.880872
学習戦略,-9.521049
学習戦略,-3.97208
学習戦略,-7.6706395
学習戦略,-9.625176
学習戦略,-1.1348288
学習戦略,-13.970889
学習戦略,-15.461427
学習戦略,-1.9650921
学習戦略,-7.432314
学習戦略,-8.896318
学習戦略,-9.116224
学習戦略,-16.867607
学習戦略,-12.19759
学習戦略,-3.5867386
学習戦略,-12.450384
学習戦略,-8.537624
学習戦略,-4.916681
学習戦略,-8.8843975
学習戦略,-8.033897
学習戦略,-8.544862
学習戦略,-1.7701977
学習戦略,-6.342126
学習戦略,-0.9746135
学習戦略,-17.14815
学習戦略,-6.7685847
学習戦略,-4.4616575
学習戦略,-2.7254531
学習戦略,-2.347095
学習戦略,-7.4299116
学習戦略,-11.070078
学習戦略,-5.3151145
学習戦略,-3.1240532
学習戦略,-17.814102
学習戦略,-3.1806185
学習戦略,-7.7819395
学習戦略,-11.101356
学習戦略,-10.8533325
学習戦略,-4.1151037
学習戦略,-10.611988
学習戦略,-6.274853
学習戦略,-9.082751
学習戦略,-7.957531
学習戦略,-2.455497
学習戦略,-8.643672
学習戦略,-3.4788034
学習戦略,-8.587114
学習戦略,-11.562926
学習戦略,-6.587014
学習戦略,-2.5671961
学習戦略,-14.137206
学習戦略,-5.4216423
学習戦略,-12.360437
学習戦略,-7.4723005
学習戦略,-15.712014
学習戦略,-0.50393426
学習戦略,-5.599471
学習戦略,-5.8659787
学習戦略,-14.244859
学習戦略,-4.666553
学習戦略,-8.605406
学習戦略,-10.083688
学習戦略,-14.692574
学習戦略,-16.569317
学習戦略,-6.754277
学習戦略,-4.4515285
学習戦略,-7.550341
学習戦略,-8.844893
学習戦略,-9.263001
学習戦略,-16.22244
学習戦略,-3.7431612
学習戦略,-7.520446
学習戦略,-5.677462
学習戦略,-1.1090863
学習戦略,-16.062313
学習戦略,-3.8427706
学習戦略,-3.2981644
学習戦略,-7.299734
学習戦略,-8.1119375
学習戦略,-8.323683
学習戦略,-4.9007745
学習戦略,-6.4084134
学習戦略,-3.256542
学習戦略,-9.499209
学習戦略,-10.595544
学習戦略,-6.4696846
学習戦略,-9.467327
学習戦略,-3.5132906
学習戦略,-13.970577
学習戦略,-10.129639
学習戦略,-10.0800905
学習戦略,-12.072077
学習戦略,-15.616253
学習戦略,-15.016325
学習戦略,-3.8487828
学習戦略,-9.423054
学習戦略,-16.206194
学習戦略,-4.982642
学習戦略,-10.539575
学習戦略,-13.624701
学習戦略,-1.6848289
学習戦略,-11.068358
学習戦略,-7.506556
学習戦略,-13.439871
学習戦略,-7.64352
学習戦略,-7.843524
学習戦略,-7.9448433
学習戦略,-15.871179
学習戦略,-10.57095
学習戦略,-4.6655464
学習戦略,-12.292695
学習戦略,-3.5573323
学習戦略,-2.572104
学習戦略,-9.601654
学習戦略,-7.575585
学習戦略,-7.027041
学習戦略,-5.6817527
学習戦略,-7.5492706
学習戦略,-14.946774
学習戦略,-8.701926
学習戦略,-13.0321455
学習戦略,-6.9504747
学習戦略,-3.5039537
学習戦略,-1.885834
学習戦略,-5.268714
学習戦略,-12.849308
学習戦略,-7.1290236
学習戦略,-6.9649897
学習戦略,-4.948691
学習戦略,-7.574012
学習戦略,-4.729228
学習戦略,-9.425042
学習戦略,-3.685065
学習戦略,-9.095107
学習戦略,-6.032137
学習戦略,-7.3996363
学習戦略,-12.251174
学習戦略,-8.331011
学習戦略,-16.125969
学習戦略,-1.243696
学習戦略,-4.2988906
学習戦略,-10.019636
学習戦略,-11.48126
学習戦略,-7.651134
学習戦略,-5.0625496
学習戦略,-10.227531
学習戦略,-7.3669257
学習戦略,-13.482342
学習戦略,-6.7264743
学習戦略,-4.0601025
学習戦略,-12.278305
学習戦略,-16.899973
学習戦略,-10.459077
学習戦略,-4.9966187
学習戦略,-10.095653
学習戦略,-6.0009446
学習戦略,-5.351545
学習戦略,-1.6997056
学習戦略,-12.254512
学習戦略,-5.6551094
学習戦略,-15.447952
学習戦略,-3.862011
学習戦略,-13.709264
学習戦略,-6.737902
学習戦略,-13.043215
学習戦略,-7.63581
学習戦略,-3.3839693
学習戦略,-11.6498575
学習戦略,-6.417157
学習戦略,-11.144895
学習戦略,-6.379465
学習戦略,-10.589291
学習戦略,-7.4333196
学習戦略,-8.197181
学習戦略,-5.4690223
学習戦略,-10.674522
学習戦略,-1.8932623
学習戦略,-14.624979
学習戦略,-10.73498
学習戦略,-8.852566
学習戦略,-1.5223486
学習戦略,-3.1525397
学習戦略,-1.8657618
学習戦略,-2.4907193
学習戦略,-11.149826
学習戦略,-16.015629
学習戦略,-8.735631
学習戦略,-14.7337675
学習戦略,-2.789464
学習戦略,-7.7339787
学習戦略,-5.292069
学習戦略,-4.5583634
学習戦略,-1.04765
学習戦略,-12.086898
学習戦略,-16.375378
学習戦略,-5.288168
学習戦略,-4.3866973
学習戦略,-3.971705
学習戦略,-4.482338
学習戦略,-4.801937
学習戦略,-11.388737
学習戦略,-9.304632
学習戦略,-10.015823
学習戦略,-17.31781
学習戦略,-6.3930078
学習戦略,-7.272169
学習戦略,-5.2139497
学習戦略,-14.059834
学習戦略,-9.134783
学習戦略,-15.452959
学習戦略,-8.751644
学習戦略,-4.5672994
学習戦略,-6.043794
学習戦略,-9.418917
学習戦略,-7.478312
学習戦略,-14.768946
学習戦略,-15.937692
学習戦略,-13.117357
学習戦略,-7.023106
学習戦略,-16.256617
学習戦略,-10.423759
学習戦略,-6.8487196
学習戦略,-7.266337
学習戦略,-6.39248
学習戦略,-1.9867734
学習戦略,-7.113739
学習戦略,-7.320592
学習戦略,-7.8884315
学習戦略,-3.0851724
学習戦略,-3.5045865
学習戦略,-6.8788877
学習戦略,-6.4242744
学習戦略,-13.644745
学習戦略,-5.2913985
学習戦略,-3.387206
学習戦略,-6.216498
学習戦略,-2.7290435
学習戦略,-13.093857
学習戦略,-4.8465443
学習戦略,-8.932057
学習戦略,-3.740965
学習戦略,-4.036911
学習戦略,-0.8167588
学習戦略,-8.798915
学習戦略,-5.6729035
学習戦略,-3.883031
学習戦略,-14.6799345
学習戦略,-3.5513434
学習戦略,-4.9175696
学習戦略,-2.8865051
学習戦略,-16.044155
学習戦略,-4.0425277
学習戦略,-6.324556
学習戦略,-14.571373
学習戦略,-5.0666304
学習戦略,-4.197079
学習戦略,-5.3756337
学習戦略,-3.2945182
学習戦略,-4.924295
学習戦略,-2.5107858
学習戦略,-10.462711
学習戦略,-0.3418167
学習戦略,-5.37978
学習戦略,-7.5015645
学習戦略,-1.537561
学習戦略,-4.6708574
学習戦略,-8.198071
学習戦略,-5.6603675
学習戦略,-6.029855
学習戦略,-8.672241
学習戦略,-11.134743
学習戦略,-1.546421
学習戦略,-11.635233
学習戦略,-15.550289
学習戦略,-6.3520627
学習戦略,-2.4087691
学習戦略,-3.222828
学習戦略,-9.736984
学習戦略,-0.8513627
学習戦略,-10.569536
学習戦略,-9.955977
学習戦略,-2.2425196
学習戦略,-15.530139
学習戦略,-3.9049475
学習戦略,-7.565218
学習戦略,-10.026171
学習戦略,-12.399221
学習戦略,-7.8065844
学習戦略,-5.959742
学習戦略,-16.460495
学習戦略,-11.949371
学習戦略,-10.47023
学習戦略,-2.294312
学習戦略,-8.061097
学習戦略,-5.922243
学習戦略,-3.1931312
学習戦略,-8.497917
学習戦略,-8.440653
学習戦略,-7.8751945
学習戦略,-5.2816043
学習戦略,-2.9685242
学習戦略,-17.00803
学習戦略,-5.575927
学習戦略,-6.0427356
学習戦略,-4.0525784
学習戦略,-2.1505418
学習戦略,-8.754295
学習戦略,-13.410088
学習戦略,-3.7530544
学習戦略,-5.8181105
学習戦略,-5.3534513
学習戦略,-2.7699986
学習戦略,-7.9781475
学習戦略,-6.5285416
学習戦略,-4.4584527
学習戦略,-7.4623365
学習戦略,-7.7623067
学習戦略,-4.5952687
学習戦略,-4.735149
学習戦略,-5.5827894
学習戦略,-3.9931543
学習戦略,-5.7449894
学習戦略,-2.3284314
学習戦略,-11.823378
学習戦略,-12.087323
学習戦略,-10.876662
学習戦略,-13.890822
学習戦略,-15.135096
学習戦略,-6.4451623
学習戦略,-9.061378
学習戦略,-16.836592
学習戦略,-11.283715
学習戦略,-0.9026356
学習戦略,-3.8671403
学習戦略,-2.02298
学習戦略,-10.46519
学習戦略,-1.676581
学習戦略,-4.3682714
学習戦略,-3.7111125
学習戦略,-1.866102
学習戦略,-11.274449
学習戦略,-8.433945
学習戦略,-7.7047563
学習戦略,-11.61811
学習戦略,-6.4058933
学習戦略,-12.029159
学習戦略,-5.3077254
学習戦略,-9.047375
学習戦略,-2.4137003
学習戦略,-13.191185
学習戦略,-16.079092
学習戦略,-1.250524
学習戦略,-11.607929
学習戦略,-2.095949
学習戦略,-4.5282135
学習戦略,-6.7341313
学習戦略,-9.949402
学習戦略,-4.5840645
学習戦略,-14.411409
学習戦略,-16.473001
学習戦略,-18.11944
学習戦略,-6.1966724
学習戦略,-12.963236
学習戦略,-3.380985
学習戦略,-13.45826
学習戦略,-8.296803
学習戦略,-1.8334943
学習戦略,-9.310298
学習戦略,-11.886963
学習戦略,-4.4927993
学習戦略,-2.4942873
学習戦略,-13.33759
学習戦略,-3.7413757
学習戦略,-13.498469
学習戦略,-11.533486
学習戦略,-4.2250257
学習戦略,-4.234292
学習戦略,-5.2169375
学習戦略,-10.626932
学習戦略,-11.3898945
学習戦略,-4.8148446
学習戦略,-7.4023447
学習戦略,-12.861276
学習戦略,-7.4261003
学習戦略,-10.82626
デルタヘッジ,-12.134035
デルタヘッジ,-7.6320143
デルタヘッジ,-9.051118
デルタヘッジ,-6.4187584
デルタヘッジ,-9.733878
デルタヘッジ,-6.71158
デルタヘッジ,-10.103792
デルタヘッジ,-9.44375
デルタヘッジ,-3.5774105
デルタヘッジ,-10.243949
デルタヘッジ,-6.2607102
デルタヘッジ,-5.8931327
デルタヘッジ,-6.3851447
デルタヘッジ,-8.292858
デルタヘッジ,-8.735103
デルタヘッジ,-10.516099
デルタヘッジ,-7.6830206
デルタヘッジ,-9.266999
デルタヘッジ,-8.790225
デルタヘッジ,-7.8366466
デルタヘッジ,-8.869646
デルタヘッジ,-8.377281
デルタヘッジ,-8.355984
デルタヘッジ,-9.051209
デルタヘッジ,-5.883553
デルタヘッジ,-7.293106
デルタヘッジ,-5.33426
デルタヘッジ,-10.002693
デルタヘッジ,-9.305562
デルタヘッジ,-6.7189865
デルタヘッジ,-6.5966516
デルタヘッジ,-10.265988
デルタヘッジ,-4.750237
デルタヘッジ,-6.096465
デルタヘッジ,-7.2795057
デルタヘッジ,-6.8647337
デルタヘッジ,-10.706398
デルタヘッジ,-9.874446
デルタヘッジ,-4.6991725
デルタヘッジ,-8.7731285
デルタヘッジ,-7.138243
デルタヘッジ,-6.1645455
デルタヘッジ,-7.64823
デルタヘッジ,-7.277361
デルタヘッジ,-7.953327
デルタヘッジ,-6.5282283
デルタヘッジ,-5.8751965
デルタヘッジ,-13.830874
デルタヘッジ,-8.750096
デルタヘッジ,-4.536986
デルタヘッジ,-10.226981
デルタヘッジ,-6.725899
デルタヘッジ,-8.194836
デルタヘッジ,-10.416062
デルタヘッジ,-8.541859
デルタヘッジ,-9.74951
デルタヘッジ,-10.804809
デルタヘッジ,-5.713931
デルタヘッジ,-8.813354
デルタヘッジ,-6.884804
デルタヘッジ,-10.088029
デルタヘッジ,-9.175275
デルタヘッジ,-5.5700064
デルタヘッジ,-7.8310237
デルタヘッジ,-5.251178
デルタヘッジ,-7.7458434
デルタヘッジ,-5.7426305
デルタヘッジ,-9.777861
デルタヘッジ,-10.495325
デルタヘッジ,-10.082338
デルタヘッジ,-12.079589
デルタヘッジ,-7.7670774
デルタヘッジ,-8.699953
デルタヘッジ,-8.381774
デルタヘッジ,-11.130884
デルタヘッジ,-9.686401
デルタヘッジ,-10.354719
デルタヘッジ,-8.713242
デルタヘッジ,-12.026272
デルタヘッジ,-8.84539
デルタヘッジ,-6.8400407
デルタヘッジ,-7.927541
デルタヘッジ,-13.405998
デルタヘッジ,-6.511694
デルタヘッジ,-5.4739327
デルタヘッジ,-8.831994
デルタヘッジ,-10.818762
デルタヘッジ,-9.777508
デルタヘッジ,-10.145637
デルタヘッジ,-7.584075
デルタヘッジ,-10.705219
デルタヘッジ,-8.665117
デルタヘッジ,-10.620041
デルタヘッジ,-8.724324
デルタヘッジ,-6.274945
デルタヘッジ,-6.368928
デルタヘッジ,-6.8911777
デルタヘッジ,-15.382566
デルタヘッジ,-10.211041
デルタヘッジ,-7.958544
デルタヘッジ,-9.585612
デルタヘッジ,-4.7244353
デルタヘッジ,-7.9850583
デルタヘッジ,-7.306969
デルタヘッジ,-11.689562
デルタヘッジ,-5.7908206
デルタヘッジ,-8.578314
デルタヘッジ,-10.284813
デルタヘッジ,-7.1074815
デルタヘッジ,-7.1475925
デルタヘッジ,-7.8518314
デルタヘッジ,-7.5455956
デルタヘッジ,-8.018091
デルタヘッジ,-10.819924
デルタヘッジ,-9.376282
デルタヘッジ,-10.117512
デルタヘッジ,-7.372111
デルタヘッジ,-9.2094345
デルタヘッジ,-7.722035
デルタヘッジ,-9.686259
デルタヘッジ,-8.336874
デルタヘッジ,-9.26488
デルタヘッジ,-7.614578
デルタヘッジ,-8.707044
デルタヘッジ,-4.420785
デルタヘッジ,-5.278591
デルタヘッジ,-10.017253
デルタヘッジ,-11.396348
デルタヘッジ,-4.251513
デルタヘッジ,-5.9924474
デルタヘッジ,-7.3145266
デルタヘッジ,-8.905542
デルタヘッジ,-5.686465
デルタヘッジ,-8.232974
デルタヘッジ,-7.718026
デルタヘッジ,-7.55518
デルタヘッジ,-5.628156
デルタヘッジ,-12.207204
デルタヘッジ,-8.200783
デルタヘッジ,-6.5012193
デルタヘッジ,-9.335117
デルタヘッジ,-6.7529416
デルタヘッジ,-3.9573162
デルタヘッジ,-9.745712
デルタヘッジ,-6.490911
デルタヘッジ,-6.3432274
デルタヘッジ,-7.772935
デルタヘッジ,-6.5458603
デルタヘッジ,-11.587848
デルタヘッジ,-7.5417576
デルタヘッジ,-4.928277
デルタヘッジ,-9.389288
デルタヘッジ,-8.23928
デルタヘッジ,-9.916415
デルタヘッジ,-11.581504
デルタヘッジ,-6.461217
デルタヘッジ,-7.73037
デルタヘッジ,-8.626844
デルタヘッジ,-3.5957015
デルタヘッジ,-9.4358835
デルタヘッジ,-5.9390173
デルタヘッジ,-8.070638
デルタヘッジ,-10.304792
デルタヘッジ,-7.7820535
デルタヘッジ,-4.9480867
デルタヘッジ,-7.386837
デルタヘッジ,-6.283525
デルタヘッジ,-8.213802
デルタヘッジ,-8.118377
デルタヘッジ,-8.889723
デルタヘッジ,-7.9632235
デルタヘッジ,-8.042924
デルタヘッジ,-8.722656
デルタヘッジ,-8.225076
デルタヘッジ,-10.975643
デルタヘッジ,-11.58858
デルタヘッジ,-8.1865425
デルタヘッジ,-5.2806034
デルタヘッジ,-8.563302
デルタヘッジ,-5.2866344
デルタヘッジ,-8.397077
デルタヘッジ,-7.5460305
デルタヘッジ,-10.480248
デルタヘッジ,-6.9720354
デルタヘッジ,-7.386282
デルタヘッジ,-8.654397
デルタヘッジ,-7.9234757
デルタヘッジ,-7.8430877
デルタヘッジ,-8.146079
デルタヘッジ,-10.530092
デルタヘッジ,-7.560227
デルタヘッジ,-5.2384505
デルタヘッジ,-7.934196
デルタヘッジ,-15.996454
デルタヘッジ,-7.9418187
デルタヘッジ,-5.667492
デルタヘッジ,-7.4700103
デルタヘッジ,-7.3868847
デルタヘッジ,-6.940355
デルタヘッジ,-7.144777
デルタヘッジ,-6.7495837
デルタヘッジ,-3.9149933
デルタヘッジ,-9.046743
デルタヘッジ,-7.325338
デルタヘッジ,-4.5976605
デルタヘッジ,-8.831182
デルタヘッジ,-8.076589
デルタヘッジ,-6.6566305
デルタヘッジ,-6.9643984
デルタヘッジ,-8.13762
デルタヘッジ,-9.51844
デルタヘッジ,-9.176083
デルタヘッジ,-7.9255466
デルタヘッジ,-8.767673
デルタヘッジ,-9.056196
デルタヘッジ,-10.131591
デルタヘッジ,-6.970826
デルタヘッジ,-6.831937
デルタヘッジ,-6.2732744
デルタヘッジ,-11.303888
デルタヘッジ,-8.599039
デルタヘッジ,-8.150216
デルタヘッジ,-8.195707
デルタヘッジ,-7.5724564
デルタヘッジ,-6.143113
デルタヘッジ,-4.257197
デルタヘッジ,-5.8372936
デルタヘッジ,-7.481378
デルタヘッジ,-8.241781
デルタヘッジ,-10.208933
デルタヘッジ,-6.108832
デルタヘッジ,-8.751883
デルタヘッジ,-7.3616357
デルタヘッジ,-7.7379947
デルタヘッジ,-7.471955
デルタヘッジ,-12.286202
デルタヘッジ,-7.2876673
デルタヘッジ,-7.61931
デルタヘッジ,-7.762463
デルタヘッジ,-6.561656
デルタヘッジ,-4.6163225
デルタヘッジ,-9.538462
デルタヘッジ,-6.804533
デルタヘッジ,-10.429457
デルタヘッジ,-7.3217874
デルタヘッジ,-9.789102
デルタヘッジ,-6.912451
デルタヘッジ,-6.475127
デルタヘッジ,-7.0027795
デルタヘッジ,-7.9353023
デルタヘッジ,-6.7130694
デルタヘッジ,-7.5789943
デルタヘッジ,-8.770437
デルタヘッジ,-10.572059
デルタヘッジ,-4.8414297
デルタヘッジ,-7.930702
デルタヘッジ,-9.3224
デルタヘッジ,-7.624009
デルタヘッジ,-6.0700426
デルタヘッジ,-10.909287
デルタヘッジ,-9.0961075
デルタヘッジ,-10.304187
デルタヘッジ,-8.736236
デルタヘッジ,-7.282383
デルタヘッジ,-6.1713705
デルタヘッジ,-8.567037
デルタヘッジ,-2.9412832
デルタヘッジ,-4.2387757
デルタヘッジ,-6.951163
デルタヘッジ,-10.390813
デルタヘッジ,-9.413915
デルタヘッジ,-6.5741925
デルタヘッジ,-8.047214
デルタヘッジ,-9.486399
デルタヘッジ,-12.742178
デルタヘッジ,-11.254551
デルタヘッジ,-8.330853
デルタヘッジ,-6.359018
デルタヘッジ,-8.172704
デルタヘッジ,-4.198777
デルタヘッジ,-10.67258
デルタヘッジ,-7.293089
デルタヘッジ,-6.055181
デルタヘッジ,-9.026407
デルタヘッジ,-7.4984875
デルタヘッジ,-7.1623597
デルタヘッジ,-5.944232
デルタヘッジ,-9.996238
デルタヘッジ,-7.5009174
デルタヘッジ,-10.881267
デルタヘッジ,-6.8521647
デルタヘッジ,-5.4619193
デルタヘッジ,-11.046115
デルタヘッジ,-7.6888347
デルタヘッジ,-4.1949835
デルタヘッジ,-10.115215
デルタヘッジ,-9.627103
デルタヘッジ,-8.745682
デルタヘッジ,-10.880356
デルタヘッジ,-5.402631
デルタヘッジ,-7.741257
デルタヘッジ,-7.224842
デルタヘッジ,-10.447455
デルタヘッジ,-9.963449
デルタヘッジ,-7.547664
デルタヘッジ,-8.208763
デルタヘッジ,-10.610278
デルタヘッジ,-8.488769
デルタヘッジ,-5.7827206
デルタヘッジ,-8.101269
デルタヘッジ,-8.419321
デルタヘッジ,-9.448228
デルタヘッジ,-7.1377687
デルタヘッジ,-6.8401012
デルタヘッジ,-6.564703
デルタヘッジ,-6.952591
デルタヘッジ,-11.666425
デルタヘッジ,-8.206144
デルタヘッジ,-9.403957
デルタヘッジ,-8.2054
デルタヘッジ,-11.7456875
デルタヘッジ,-9.218822
デルタヘッジ,-8.060832
デルタヘッジ,-7.511486
デルタヘッジ,-5.6644144
デルタヘッジ,-9.784012
デルタヘッジ,-7.0615845
デルタヘッジ,-8.8143835
デルタヘッジ,-7.4634776
デルタヘッジ,-10.856275
デルタヘッジ,-5.2122874
デルタヘッジ,-6.937374
デルタヘッジ,-8.370188
デルタヘッジ,-7.7187967
デルタヘッジ,-6.391253
デルタヘッジ,-11.242744
デルタヘッジ,-5.324496
デルタヘッジ,-10.326834
デルタヘッジ,-11.421178
デルタヘッジ,-4.4021525
デルタヘッジ,-7.8406615
デルタヘッジ,-8.288248
デルタヘッジ,-5.8735
デルタヘッジ,-8.47458
デルタヘッジ,-8.693887
デルタヘッジ,-8.29985
デルタヘッジ,-6.4518185
デルタヘッジ,-3.3196394
デルタヘッジ,-8.157776
デルタヘッジ,-8.214403
デルタヘッジ,-6.794192
デルタヘッジ,-4.708956
デルタヘッジ,-9.937058
デルタヘッジ,-8.624193
デルタヘッジ,-7.9213357
デルタヘッジ,-7.610289
デルタヘッジ,-6.814007
デルタヘッジ,-10.112927
デルタヘッジ,-5.3183193
デルタヘッジ,-7.389757
デルタヘッジ,-8.786934
デルタヘッジ,-8.489995
デルタヘッジ,-6.078618
デルタヘッジ,-10.750793
デルタヘッジ,-12.356144
デルタヘッジ,-9.453295
デルタヘッジ,-7.6376786
デルタヘッジ,-7.2260036
デルタヘッジ,-8.540095
デルタヘッジ,-7.117823
デルタヘッジ,-8.877166
デルタヘッジ,-8.02341
デルタヘッジ,-7.7165093
デルタヘッジ,-7.398041
デルタヘッジ,-5.844652
デルタヘッジ,-7.7756963
デルタヘッジ,-7.527459
デルタヘッジ,-8.519952
デルタヘッジ,-12.28379
デルタヘッジ,-7.6882186
デルタヘッジ,-11.620502
デルタヘッジ,-9.623509
デルタヘッジ,-3.8683047
デルタヘッジ,-9.7484665
デルタヘッジ,-7.045365
デルタヘッジ,-8.714445
デルタヘッジ,-7.775767
デルタヘッジ,-9.649163
デルタヘッジ,-8.616961
デルタヘッジ,-6.958573
デルタヘッジ,-8.649253
デルタヘッジ,-6.1698937
デルタヘッジ,-7.596418
デルタヘッジ,-9.45992
デルタヘッジ,-7.8018656
デルタヘッジ,-10.876781
デルタヘッジ,-3.079288
デルタヘッジ,-6.912341
デルタヘッジ,-7.9127812
デルタヘッジ,-8.316684
デルタヘッジ,-10.005015
デルタヘッジ,-9.17085
デルタヘッジ,-7.3376718
デルタヘッジ,-7.5097103
デルタヘッジ,-8.761753
デルタヘッジ,-8.453012
デルタヘッジ,-6.6096983
デルタヘッジ,-12.263551
デルタヘッジ,-8.077817
デルタヘッジ,-10.270492
デルタヘッジ,-7.9804897
デルタヘッジ,-8.376096
デルタヘッジ,-6.416549
デルタヘッジ,-9.594013
デルタヘッジ,-8.120265
デルタヘッジ,-6.3527265
デルタヘッジ,-10.298237
デルタヘッジ,-9.832352
デルタヘッジ,-11.5494375
デルタヘッジ,-7.4659986
デルタヘッジ,-10.322388
デルタヘッジ,-7.255476
デルタヘッジ,-10.754879
デルタヘッジ,-6.0179915
デルタヘッジ,-10.304782
デルタヘッジ,-12.6282425
デルタヘッジ,-5.7193823
デルタヘッジ,-8.085124
デルタヘッジ,-8.756571
デルタヘッジ,-7.624949
デルタヘッジ,-5.4663115
デルタヘッジ,-9.1868305
デルタヘッジ,-9.461489
デルタヘッジ,-5.2712693
デルタヘッジ,-12.244772
デルタヘッジ,-9.23813
デルタヘッジ,-8.03837
デルタヘッジ,-4.4472404
デルタヘッジ,-8.805862
デルタヘッジ,-7.0141473
デルタヘッジ,-3.001842
デルタヘッジ,-9.62544
デルタヘッジ,-4.0236516
デルタヘッジ,-7.856855
デルタヘッジ,-7.4998507
デルタヘッジ,-1.9461478
デルタヘッジ,-5.2354856
デルタヘッジ,-9.471266
デルタヘッジ,-8.718014
デルタヘッジ,-8.465461
デルタヘッジ,-6.643838
デルタヘッジ,-7.0327516
デルタヘッジ,-7.5717373
デルタヘッジ,-16.20704
デルタヘッジ,-9.334988
デルタヘッジ,-9.316118
デルタヘッジ,-6.2366257
デルタヘッジ,-9.433512
デルタヘッジ,-6.4651246
デルタヘッジ,-7.1992073
デルタヘッジ,-7.7939906
デルタヘッジ,-7.206706
デルタヘッジ,-7.6509905
デルタヘッジ,-8.950354
デルタヘッジ,-8.29608
デルタヘッジ,-9.683163
デルタヘッジ,-7.123467
デルタヘッジ,-8.74215
デルタヘッジ,-8.005592
デルタヘッジ,-6.4433265
デルタヘッジ,-7.324581
デルタヘッジ,-13.23974
デルタヘッジ,-16.592093
デルタヘッジ,-7.703389
デルタヘッジ,-8.666366
デルタヘッジ,-9.038764
デルタヘッジ,-7.5325108
デルタヘッジ,-6.3283668
デルタヘッジ,-8.296614
デルタヘッジ,-7.0005345
デルタヘッジ,-10.966284
デルタヘッジ,-7.1424785
デルタヘッジ,-8.738637
デルタヘッジ,-13.945624
デルタヘッジ,-8.386483
デルタヘッジ,-8.114089
デルタヘッジ,-10.070878
デルタヘッジ,-9.2798605
デルタヘッジ,-6.5516686
デルタヘッジ,-7.6193357
デルタヘッジ,-7.2958474
デルタヘッジ,-7.2177086
デルタヘッジ,-6.4319654
デルタヘッジ,-6.8387375
デルタヘッジ,-8.535233
デルタヘッジ,-9.616796
デルタヘッジ,-9.605724
デルタヘッジ,-8.423158
デルタヘッジ,-5.132842
デルタヘッジ,-9.493075
デルタヘッジ,-7.1504397
デルタヘッジ,-10.486305
デルタヘッジ,-8.716557
デルタヘッジ,-10.994087
デルタヘッジ,-13.6338215
デルタヘッジ,-9.77167
デルタヘッジ,-9.578281
デルタヘッジ,-7.0421205
デルタヘッジ,-9.043427
デルタヘッジ,-7.4082465
デルタヘッジ,-11.588638
デルタヘッジ,-9.994005
デルタヘッジ,-7.781408
デルタヘッジ,-8.045315
デルタヘッジ,-10.496353
デルタヘッジ,-10.225679
デルタヘッジ,-9.0857725
デルタヘッジ,-12.300452
デルタヘッジ,-8.110693
デルタヘッジ,-7.540891
デルタヘッジ,-7.545659
デルタヘッジ,-6.681878
デルタヘッジ,-11.511235
デルタヘッジ,-8.638962
デルタヘッジ,-6.5176096
デルタヘッジ,-9.355378
デルタヘッジ,-7.7843924
デルタヘッジ,-9.325754
デルタヘッジ,-9.617498
デルタヘッジ,-9.13704
デルタヘッジ,-8.246017
デルタヘッジ,-6.778512
デルタヘッジ,-5.826903
デルタヘッジ,-8.042552
デルタヘッジ,-8.9049425
デルタヘッジ,-11.641244
デルタヘッジ,-9.793972
デルタヘッジ,-8.071336
デルタヘッジ,-7.726001
デルタヘッジ,-7.480697
デルタヘッジ,-9.795359
デルタヘッジ,-8.317284
デルタヘッジ,-6.7757072
デルタヘッジ,-8.53946
デルタヘッジ,-2.2432294
デルタヘッジ,-6.8429728
デルタヘッジ,-8.636147
デルタヘッジ,-9.018162
デルタヘッジ,-8.562037
デルタヘッジ,-4.788938
デルタヘッジ,-6.120556
デルタヘッジ,-7.78334
デルタヘッジ,-5.642895
デルタヘッジ,-8.695123
デルタヘッジ,-12.542272
デルタヘッジ,-6.593993
デルタヘッジ,-6.368721
デルタヘッジ,-10.505884
デルタヘッジ,-9.017275
デルタヘッジ,-11.406551
デルタヘッジ,-10.797165
デルタヘッジ,-7.756891
デルタヘッジ,-10.470411
デルタヘッジ,-7.6254992
デルタヘッジ,-5.8787727
デルタヘッジ,-10.0637
デルタヘッジ,-9.661736
デルタヘッジ,-7.818209
デルタヘッジ,-5.0908284
デルタヘッジ,-9.164376
デルタヘッジ,-11.733073
デルタヘッジ,-10.648089
デルタヘッジ,-9.4365015
デルタヘッジ,-8.39059
デルタヘッジ,-7.2192545
デルタヘッジ,-8.067481
デルタヘッジ,-7.18224
デルタヘッジ,-9.319993
デルタヘッジ,-5.2729793
デルタヘッジ,-8.127365
デルタヘッジ,-7.5855813
デルタヘッジ,-10.197618
デルタヘッジ,-7.6574206
デルタヘッジ,-5.0483074
デルタヘッジ,-7.115184
デルタヘッジ,-6.392741
デルタヘッジ,-4.825011
デルタヘッジ,-10.626405
デルタヘッジ,-7.672706
デルタヘッジ,-6.7504973
デルタヘッジ,-7.7430916
デルタヘッジ,-8.714582
デルタヘッジ,-13.239427
デルタヘッジ,-9.490412
デルタヘッジ,-7.6197243
デルタヘッジ,-9.595554
デルタヘッジ,-8.774219
デルタヘッジ,-7.213504
デルタヘッジ,-5.164633
デルタヘッジ,-8.475188
デルタヘッジ,-6.9763494
デルタヘッジ,-9.985175
デルタヘッジ,-6.230995
デルタヘッジ,-7.2412906
デルタヘッジ,-5.886976
デルタヘッジ,-8.696227
デルタヘッジ,-9.764453
デルタヘッジ,-8.766996
デルタヘッジ,-7.4441676
デルタヘッジ,-9.958399
デルタヘッジ,-6.1246123
デルタヘッジ,-6.993675
デルタヘッジ,-8.178885
デルタヘッジ,-8.022316
デルタヘッジ,-8.388401
デルタヘッジ,-6.954645
デルタヘッジ,-9.495041
デルタヘッジ,-9.738421
デルタヘッジ,-6.385619
デルタヘッジ,-10.572029
デルタヘッジ,-4.629226
デルタヘッジ,-2.9602365
デルタヘッジ,-6.0067554
デルタヘッジ,-8.739636
デルタヘッジ,-4.4499474
デルタヘッジ,-7.525654
デルタヘッジ,-5.1869802
デルタヘッジ,-7.9532046
デルタヘッジ,-10.062971
デルタヘッジ,-7.036972
デルタヘッジ,-15.634583
デルタヘッジ,-10.490173
デルタヘッジ,-6.824555
デルタヘッジ,-8.015139
デルタヘッジ,-10.682877
デルタヘッジ,-7.6031165
デルタヘッジ,-6.3843894
デルタヘッジ,-6.976399
デルタヘッジ,-9.677692
デルタヘッジ,-9.200179
デルタヘッジ,-8.017703
デルタヘッジ,-8.528574
デルタヘッジ,-4.8033624
デルタヘッジ,-11.429119
デルタヘッジ,-8.873974
デルタヘッジ,-6.2244005
デルタヘッジ,-6.3517847
デルタヘッジ,-11.444292
デルタヘッジ,-10.913084
デルタヘッジ,-8.750397
デルタヘッジ,-8.568123
デルタヘッジ,-8.243288
デルタヘッジ,-5.22331
デルタヘッジ,-7.9450545
デルタヘッジ,-5.4007916
デルタヘッジ,-5.4330106
デルタヘッジ,-7.3535695
デルタヘッジ,-12.381284
デルタヘッジ,-6.218182
デルタヘッジ,-8.713241
デルタヘッジ,-10.25683
デルタヘッジ,-10.228554
デルタヘッジ,-9.712468
デルタヘッジ,-7.1150823
デルタヘッジ,-6.7727466
デルタヘッジ,-8.468993
デルタヘッジ,-8.381063
デルタヘッジ,-8.3862505
デルタヘッジ,-9.3867
デルタヘッジ,-8.4017725
デルタヘッジ,-9.965948
デルタヘッジ,-9.014372
デルタヘッジ,-7.1639123
デルタヘッジ,-7.333072
デルタヘッジ,-10.3834095
デルタヘッジ,-11.8843975
デルタヘッジ,-5.5123467
デルタヘッジ,-5.8637824
デルタヘッジ,-6.8726816
デルタヘッジ,-8.01992
デルタヘッジ,-7.842904
デルタヘッジ,-10.872592
デルタヘッジ,-6.8083005
デルタヘッジ,-6.4809027
デルタヘッジ,-8.615012
デルタヘッジ,-5.3108234
デルタヘッジ,-7.964079
デルタヘッジ,-7.031175
デルタヘッジ,-7.810866
デルタヘッジ,-7.745188
デルタヘッジ,-8.230694
デルタヘッジ,-12.778754
デルタヘッジ,-6.418887
デルタヘッジ,-9.871413
デルタヘッジ,-8.70547
デルタヘッジ,-4.6373634
デルタヘッジ,-5.1390767
デルタヘッジ,-7.146947
デルタヘッジ,-6.3859334
デルタヘッジ,-10.559416
デルタヘッジ,-8.807048
デルタヘッジ,-9.198691
デルタヘッジ,-2.5457804
デルタヘッジ,-5.0052543
デルタヘッジ,-6.19775
デルタヘッジ,-7.294567
デルタヘッジ,-7.035208
デルタヘッジ,-9.561719
デルタヘッジ,-7.5742407
デルタヘッジ,-6.8613214
デルタヘッジ,-9.7022915
デルタヘッジ,-6.223327
デルタヘッジ,-5.791287
デルタヘッジ,-4.1049604
デルタヘッジ,-7.606377
デルタヘッジ,-8.309184
デルタヘッジ,-9.786377
デルタヘッジ,-8.891803
デルタヘッジ,-6.0697875
デルタヘッジ,-6.1622224
デルタヘッジ,-7.5520434
デルタヘッジ,-6.1315646
デルタヘッジ,-4.5702896
デルタヘッジ,-4.205766
デルタヘッジ,-9.941068
デルタヘッジ,-10.734914
デルタヘッジ,-2.6420138
デルタヘッジ,-9.855344
デルタヘッジ,-7.1509786
デルタヘッジ,-7.751842
デルタヘッジ,-8.156303
デルタヘッジ,-5.2267814
デルタヘッジ,-8.358163
デルタヘッジ,-5.575726
デルタヘッジ,-10.567319
デルタヘッジ,-9.259776
デルタヘッジ,-7.666929
デルタヘッジ,-10.306243
デルタヘッジ,-7.0277996
デルタヘッジ,-7.6145496
デルタヘッジ,-13.197999
デルタヘッジ,-7.494616
デルタヘッジ,-7.8543754
デルタヘッジ,-7.326963
デルタヘッジ,-7.4610357
デルタヘッジ,-8.59031
デルタヘッジ,-9.079918
デルタヘッジ,-7.8804345
デルタヘッジ,-13.389169
デルタヘッジ,-6.261213
デルタヘッジ,-9.247776
デルタヘッジ,-8.553324
デルタヘッジ,-7.614374
デルタヘッジ,-7.4883375
デルタヘッジ,-9.495264
デルタヘッジ,-7.2528105
デルタヘッジ,-8.437028
デルタヘッジ,-8.493957
デルタヘッジ,-7.596796
デルタヘッジ,-7.151902
デルタヘッジ,-7.56049
デルタヘッジ,-7.635452
デルタヘッジ,-6.6933675
デルタヘッジ,-7.069872
デルタヘッジ,-9.957004
デルタヘッジ,-9.385595
デルタヘッジ,-7.721597
デルタヘッジ,-6.6147065
デルタヘッジ,-11.240294
デルタヘッジ,-5.157857
デルタヘッジ,-9.129096
デルタヘッジ,-9.099129
デルタヘッジ,-11.093044
デルタヘッジ,-7.650754
デルタヘッジ,-7.29979
デルタヘッジ,-5.332911
デルタヘッジ,-10.01033
デルタヘッジ,-3.1307263
デルタヘッジ,-6.031951
デルタヘッジ,-4.925547
デルタヘッジ,-5.812097
デルタヘッジ,-10.741118
デルタヘッジ,-9.305289
デルタヘッジ,-7.815268
デルタヘッジ,-8.179436
デルタヘッジ,-14.023888
デルタヘッジ,-5.4937997
デルタヘッジ,-9.316786
デルタヘッジ,-7.414242
デルタヘッジ,-8.073414
デルタヘッジ,-8.8073
デルタヘッジ,-10.088992
デルタヘッジ,-8.206918
デルタヘッジ,-12.197706
デルタヘッジ,-7.4699445
デルタヘッジ,-10.206704
デルタヘッジ,-10.713618
デルタヘッジ,-9.05298
デルタヘッジ,-7.844612
デルタヘッジ,-6.842064
デルタヘッジ,-6.4785247
デルタヘッジ,-8.3185625
デルタヘッジ,-7.9567327
デルタヘッジ,-9.077121
デルタヘッジ,-7.040197
デルタヘッジ,-4.9365687
デルタヘッジ,-7.6205454
デルタヘッジ,-7.717631
デルタヘッジ,-7.3261943
デルタヘッジ,-5.4153914
デルタヘッジ,-9.496677
デルタヘッジ,-8.678404
デルタヘッジ,-8.712698
デルタヘッジ,-11.022853
デルタヘッジ,-8.229483
デルタヘッジ,-7.7982154
デルタヘッジ,-8.411881
デルタヘッジ,-8.8511915
デルタヘッジ,-10.063004
デルタヘッジ,-8.481875
デルタヘッジ,-8.451803
デルタヘッジ,-8.568996
デルタヘッジ,-9.444508
デルタヘッジ,-9.015742
デルタヘッジ,-4.5022044
デルタヘッジ,-6.062166
デルタヘッジ,-7.9473195
デルタヘッジ,-7.142471
デルタヘッジ,-5.604363
デルタヘッジ,-9.953715
デルタヘッジ,-8.457047
デルタヘッジ,-8.906195
デルタヘッジ,-7.737352
デルタヘッジ,-8.955909
デルタヘッジ,-5.883696
デルタヘッジ,-9.312801
デルタヘッジ,-10.060296
デルタヘッジ,-8.694614
デルタヘッジ,-9.509652
デルタヘッジ,-10.283082
デルタヘッジ,-6.8690104
デルタヘッジ,-8.381904
デルタヘッジ,-6.2903886
デルタヘッジ,-6.411253
デルタヘッジ,-8.565117
デルタヘッジ,-8.3210335
デルタヘッジ,-6.5911303
デルタヘッジ,-8.609269
デルタヘッジ,-8.916671
デルタヘッジ,-6.739791
デルタヘッジ,-9.516998
デルタヘッジ,-9.309432
デルタヘッジ,-8.081573
デルタヘッジ,-11.763838
デルタヘッジ,-5.6889124
デルタヘッジ,-9.276609
デルタヘッジ,-9.008952
デルタヘッジ,-10.578473
デルタヘッジ,-6.4405017
デルタヘッジ,-9.704761
デルタヘッジ,-7.105229
デルタヘッジ,-5.8285255
デルタヘッジ,-7.2902246
デルタヘッジ,-9.274172
デルタヘッジ,-9.662758
デルタヘッジ,-5.6558824
デルタヘッジ,-12.96365
デルタヘッジ,-6.509797
デルタヘッジ,-7.2171764
デルタヘッジ,-8.654092
デルタヘッジ,-16.741476
デルタヘッジ,-7.574518
デルタヘッジ,-10.260052
デルタヘッジ,-8.964815
デルタヘッジ,-5.0291514
デルタヘッジ,-12.489612
デルタヘッジ,-9.912977
デルタヘッジ,-7.5344057
デルタヘッジ,-7.000626
デルタヘッジ,-8.245206
デルタヘッジ,-9.388776
デルタヘッジ,-5.054296
デルタヘッジ,-6.964917
デルタヘッジ,-6.9509106
デルタヘッジ,-6.0621605
デルタヘッジ,-9.9078
デルタヘッジ,-5.75334
デルタヘッジ,-12.466269
デルタヘッジ,-7.0971055
デルタヘッジ,-9.177452
デルタヘッジ,-5.1854935
デルタヘッジ,-21.71203
デルタヘッジ,-8.082189
デルタヘッジ,-6.6162868
デルタヘッジ,-9.620687
デルタヘッジ,-8.787356
デルタヘッジ,-9.58321
デルタヘッジ,-10.55225
デルタヘッジ,-9.529795
デルタヘッジ,-8.767631
デルタヘッジ,-9.749806
デルタヘッジ,-5.237637
デルタヘッジ,-8.10135
デルタヘッジ,-8.810232
デルタヘッジ,-7.11401
デルタヘッジ,-8.957617
デルタヘッジ,-8.828452
デルタヘッジ,-6.1399436
デルタヘッジ,-7.884347
デルタヘッジ,-7.100801
デルタヘッジ,-9.4240265
デルタヘッジ,-8.83
デルタヘッジ,-5.9006853
デルタヘッジ,-9.920239
デルタヘッジ,-8.098054
デルタヘッジ,-8.286944
デルタヘッジ,-11.267606
デルタヘッジ,-6.842834
デルタヘッジ,-11.2324915
デルタヘッジ,-8.933676
デルタヘッジ,-12.350771
デルタヘッジ,-8.683038
デルタヘッジ,-7.4679585
デルタヘッジ,-8.339848
デルタヘッジ,-6.961092
デルタヘッジ,-8.09189
デルタヘッジ,-7.806993
デルタヘッジ,-7.2790933
デルタヘッジ,-8.413158
デルタヘッジ,-5.8304024
デルタヘッジ,-8.091066
デルタヘッジ,-6.8370037
デルタヘッジ,-9.48931
デルタヘッジ,-8.931198
デルタヘッジ,-9.9059105
デルタヘッジ,-9.056785
デルタヘッジ,-6.542557
デルタヘッジ,-7.6858325
デルタヘッジ,-7.13887
デルタヘッジ,-6.2081475
デルタヘッジ,-10.144566
デルタヘッジ,-3.6660113
デルタヘッジ,-9.414862
デルタヘッジ,-7.788212
デルタヘッジ,-6.3880863
デルタヘッジ,-6.2770634
デルタヘッジ,-9.471506
デルタヘッジ,-12.307638
デルタヘッジ,-5.0267653
デルタヘッジ,-7.9001474
デルタヘッジ,-12.6785
デルタヘッジ,-8.925175
デルタヘッジ,-9.673892
デルタヘッジ,-5.396934
デルタヘッジ,-9.307321
デルタヘッジ,-7.6480494
デルタヘッジ,-9.457815
デルタヘッジ,-13.380931
デルタヘッジ,-4.747539
デルタヘッジ,-5.4203653
デルタヘッジ,-12.479099
デルタヘッジ,-6.169068
デルタヘッジ,-7.4337025
デルタヘッジ,-9.34256
デルタヘッジ,-8.098098
デルタヘッジ,-9.33461
デルタヘッジ,-11.809781
デルタヘッジ,-3.578866
デルタヘッジ,-6.117196
デルタヘッジ,-6.1128855
デルタヘッジ,-6.399127
デルタヘッジ,-11.283726
デルタヘッジ,-8.355182
デルタヘッジ,-7.57108
デルタヘッジ,-3.0502431
デルタヘッジ,-8.787916
デルタヘッジ,-9.365666
デルタヘッジ,-6.1523657
デルタヘッジ,-9.077798
デルタヘッジ,-8.899585
デルタヘッジ,-6.7571893
デルタヘッジ,-4.019441
デルタヘッジ,-13.024568
デルタヘッジ,-6.200664
デルタヘッジ,-11.622195
デルタヘッジ,-7.6221104
デルタヘッジ,-7.6768374
デルタヘッジ,-9.915934
デルタヘッジ,-7.078314
デルタヘッジ,-8.373455
デルタヘッジ,-8.378909
デルタヘッジ,-8.281332
デルタヘッジ,-9.097992
デルタヘッジ,-8.814207
デルタヘッジ,-8.936402
デルタヘッジ,-8.731729
デルタヘッジ,-8.544743
デルタヘッジ,-7.865445
デルタヘッジ,-7.5922356
デルタヘッジ,-8.692557
デルタヘッジ,-5.868181
デルタヘッジ,-11.137207
デルタヘッジ,-7.5220127
デルタヘッジ,-8.935528
デルタヘッジ,-7.6177554
デルタヘッジ,-6.0674143
デルタヘッジ,-7.6879663
デルタヘッジ,-7.895574
デルタヘッジ,-6.392975
デルタヘッジ,-3.3423617
デルタヘッジ,-12.554275
デルタヘッジ,-12.005594
デルタヘッジ,-10.719165
デルタヘッジ,-8.327817
デルタヘッジ,-7.539818
デルタヘッジ,-10.943914
デルタヘッジ,-8.4481535
デルタヘッジ,-7.6775208
デルタヘッジ,-8.88427
デルタヘッジ,-8.006436
デルタヘッジ,-6.8704553
デルタヘッジ,-7.362964
デルタヘッジ,-5.4189806
デルタヘッジ,-6.567977
デルタヘッジ,-5.60232
デルタヘッジ,-7.734608
デルタヘッジ,-7.585989
デルタヘッジ,-12.475243
デルタヘッジ,-8.172684
デルタヘッジ,-3.602562
デルタヘッジ,-5.385223
デルタヘッジ,-3.8416986
デルタヘッジ,-9.696964
デルタヘッジ,-8.5864315
デルタヘッジ,-8.940054
デルタヘッジ,-11.502119
デルタヘッジ,-8.0814
デルタヘッジ,-14.736593
デルタヘッジ,-7.6979647
デルタヘッジ,-8.553633
デルタヘッジ,-8.775228
デルタヘッジ,-7.802693
デルタヘッジ,-11.421893
デルタヘッジ,-7.669485
デルタヘッジ,-8.0786915
デルタヘッジ,-5.0676713
デルタヘッジ,-8.76797
デルタヘッジ,-6.959898
デルタヘッジ,-7.337724
デルタヘッジ,-10.070866
デルタヘッジ,-8.289999
デルタヘッジ,-10.798623
デルタヘッジ,-8.276961
デルタヘッジ,-9.979844
デルタヘッジ,-7.214539
デルタヘッジ,-5.6462493
デルタヘッジ,-13.731618
デルタヘッジ,-8.129487
デルタヘッジ,-8.961164
デルタヘッジ,-6.7329354
デルタヘッジ,-7.693133
デルタヘッジ,-8.085518
デルタヘッジ,-7.4811144
デルタヘッジ,-7.694193
デルタヘッジ,-8.617232
デルタヘッジ,-6.0277877
デルタヘッジ,-7.6352305
デルタヘッジ,-8.489522
デルタヘッジ,-6.430562
デルタヘッジ,-11.178295
デルタヘッジ,-9.021859
デルタヘッジ,-14.383865
デルタヘッジ,-8.785673
デルタヘッジ,-4.3078985
デルタヘッジ,-6.9827447
デルタヘッジ,-6.910348
デルタヘッジ,-7.991515
デルタヘッジ,-10.259818
デルタヘッジ,-6.13974
デルタヘッジ,-9.102049
デルタヘッジ,-7.493963
デルタヘッジ,-5.571635
デルタヘッジ,-4.0775447
デルタヘッジ,-6.7535505
デルタヘッジ,-9.06589
デルタヘッジ,-8.717257
デルタヘッジ,-8.713479
デルタヘッジ,-8.170387
デルタヘッジ,-7.44776
デルタヘッジ,-6.798314
デルタヘッジ,-6.6765985
デルタヘッジ,-9.033517
デルタヘッジ,-9.002285
デルタヘッジ,-8.3475065
デルタヘッジ,-5.421657
デルタヘッジ,-8.591862
デルタヘッジ,-9.753628
デルタヘッジ,-8.857897
デルタヘッジ,-5.6730614
デルタヘッジ,-7.8761873
デルタヘッジ,-8.598604
デルタヘッジ,-16.91643
デルタヘッジ,-3.8002481
デルタヘッジ,-5.227092
デルタヘッジ,-7.8936086
デルタヘッジ,-9.605303
デルタヘッジ,-8.752272
デルタヘッジ,-7.9257665
デルタヘッジ,-6.6795073
デルタヘッジ,-7.5993295
デルタヘッジ,-6.1474833
デルタヘッジ,-8.047622
デルタヘッジ,-8.870791
デルタヘッジ,-5.390949
デルタヘッジ,-6.0532694
デルタヘッジ,-7.095325
デルタヘッジ,-7.553908
デルタヘッジ,-8.692965
デルタヘッジ,-9.864863
デルタヘッジ,-10.729053
デルタヘッジ,-8.692476
デルタヘッジ,-6.7782288
デルタヘッジ,-9.050029
デルタヘッジ,-11.83413
デルタヘッジ,-6.875951
デルタヘッジ,-11.510087
デルタヘッジ,-11.650895
デルタヘッジ,-2.4786386
デルタヘッジ,-7.3673215
デルタヘッジ,-9.747023
デルタヘッジ,-10.479397
デルタヘッジ,-9.63872
デルタヘッジ,-7.9076605
デルタヘッジ,-7.1352577
デルタヘッジ,-8.642756
デルタヘッジ,-5.773854
デルタヘッジ,-5.3630543
デルタヘッジ,-8.549305
デルタヘッジ,-8.111125
デルタヘッジ,-10.651474
デルタヘッジ,-9.328882
デルタヘッジ,-8.223804
デルタヘッジ,-5.377311
デルタヘッジ,-6.9803214
デルタヘッジ,-10.281899
デルタヘッジ,-6.315176
デルタヘッジ,-7.7947307
デルタヘッジ,-10.951538
デルタヘッジ,-11.676548
デルタヘッジ,-9.636713
デルタヘッジ,-7.585301
デルタヘッジ,-5.3185215
デルタヘッジ,-3.902958
デルタヘッジ,-11.029183
デルタヘッジ,-6.7779512
デルタヘッジ,-8.847827
デルタヘッジ,-6.8236384
デルタヘッジ,-7.390982
デルタヘッジ,-7.707291
デルタヘッジ,-6.4922495
デルタヘッジ,-6.493295
デルタヘッジ,-9.3289175
デルタヘッジ,-7.3419056
デルタヘッジ,-5.0674276
デルタヘッジ,-6.146052
デルタヘッジ,-6.5398545
デルタヘッジ,-6.745873
デルタヘッジ,-8.994939
デルタヘッジ,-10.440804
デルタヘッジ,-9.108782
デルタヘッジ,-7.364158
デルタヘッジ,-6.1318116
デルタヘッジ,-6.431839
デルタヘッジ,-8.186425
デルタヘッジ,-8.714234
デルタヘッジ,-5.7980366
デルタヘッジ,-9.698195
デルタヘッジ,-8.3344145
デルタヘッジ,-9.07204
デルタヘッジ,-9.585635
デルタヘッジ,-7.604969
デルタヘッジ,-7.093282
デルタヘッジ,-8.132578
デルタヘッジ,-3.1968699
デルタヘッジ,-3.6702962
デルタヘッジ,-9.945891
デルタヘッジ,-6.93832
デルタヘッジ,-8.228586
デルタヘッジ,-7.1246
デルタヘッジ,-9.567873
デルタヘッジ,-6.4913955
デルタヘッジ,-7.8096504
デルタヘッジ,-6.6309266
デルタヘッジ,-7.162416
デルタヘッジ,-7.017887
デルタヘッジ,-7.998789
デルタヘッジ,-12.6633005
デルタヘッジ,-5.474264
デルタヘッジ,-9.062555
デルタヘッジ,-7.816044
デルタヘッジ,-5.944654
デルタヘッジ,-9.701354
デルタヘッジ,-5.833107
デルタヘッジ,-11.165857
デルタヘッジ,-7.364913
デルタヘッジ,-10.676768
デルタヘッジ,-11.657253
デルタヘッジ,-9.445039
デルタヘッジ,-7.662673
デルタヘッジ,-9.705425
デルタヘッジ,-6.4687424
デルタヘッジ,-10.749689
デルタヘッジ,-9.27074
デルタヘッジ,-8.207487
デルタヘッジ,-9.394917
デルタヘッジ,-8.779943
デルタヘッジ,-5.95429
デルタヘッジ,-11.465955
デルタヘッジ,-5.048786
デルタヘッジ,-9.575519
デルタヘッジ,-12.890509
デルタヘッジ,-13.6364
デルタヘッジ,-11.044687
デルタヘッジ,-8.201863
デルタヘッジ,-7.6299205
デルタヘッジ,-7.604336
デルタヘッジ,-8.77968
デルタヘッジ,-6.4507284
デルタヘッジ,-6.848371
デルタヘッジ,-5.096066
デルタヘッジ,-7.4466066
デルタヘッジ,-12.358524
デルタヘッジ,-7.3152194
デルタヘッジ,-7.6414337
デルタヘッジ,-7.3397536
デルタヘッジ,-9.173738
デルタヘッジ,-8.170528
デルタヘッジ,-12.566728
デルタヘッジ,-7.437152
デルタヘッジ,-10.508058
デルタヘッジ,-2.4191227
デルタヘッジ,-10.728162
デルタヘッジ,-8.965596
デルタヘッジ,-8.9797535
デルタヘッジ,-9.161718
デルタヘッジ,-5.330607
デルタヘッジ,-9.008585
デルタヘッジ,-8.793612
デルタヘッジ,-4.599537
デルタヘッジ,-5.5652075
デルタヘッジ,-8.393946
デルタヘッジ,-10.270799
デルタヘッジ,-7.0162845
デルタヘッジ,-5.9908915
デルタヘッジ,-8.79496
デルタヘッジ,-9.914528
デルタヘッジ,-5.782457
デルタヘッジ,-9.820954
デルタヘッジ,-8.180443
デルタヘッジ,-8.307854
デルタヘッジ,-8.070702
デルタヘッジ,-8.88474
デルタヘッジ,-5.7476897
デルタヘッジ,-11.247899
デルタヘッジ,-6.1020093
デルタヘッジ,-5.959605
デルタヘッジ,-8.332421
デルタヘッジ,-6.3559422
デルタヘッジ,-8.730796
デルタヘッジ,-7.669405
デルタヘッジ,-8.199645
デルタヘッジ,-8.566878
デルタヘッジ,-8.956967
デルタヘッジ,-9.283506
デルタヘッジ,-9.61186
デルタヘッジ,-8.019066
デルタヘッジ,-9.8738985
デルタヘッジ,-9.934271
デルタヘッジ,-7.870843
デルタヘッジ,-7.9456353
デルタヘッジ,-8.857508
デルタヘッジ,-7.576701
デルタヘッジ,-6.0436854
デルタヘッジ,-6.3618207
デルタヘッジ,-6.913154
デルタヘッジ,-9.009636
デルタヘッジ,-8.4066515
デルタヘッジ,-6.650918
デルタヘッジ,-7.5925193
デルタヘッジ,-5.6100492
デルタヘッジ,-6.640553
デルタヘッジ,-9.988554
デルタヘッジ,-8.877752
デルタヘッジ,-9.861048
デルタヘッジ,-4.482076
デルタヘッジ,-9.864407
デルタヘッジ,-7.6335154
デルタヘッジ,-8.4911
デルタヘッジ,-9.803034
デルタヘッジ,-8.786887
デルタヘッジ,-2.432807
デルタヘッジ,-7.864914
デルタヘッジ,-6.8397884
デルタヘッジ,-7.9018574
デルタヘッジ,-6.729639
デルタヘッジ,-10.1323805
デルタヘッジ,-7.9302197
デルタヘッジ,-11.002475
デルタヘッジ,-8.915267
デルタヘッジ,-4.9133186
デルタヘッジ,-6.400093
デルタヘッジ,-9.178059
デルタヘッジ,-8.800454
デルタヘッジ,-8.850151
デルタヘッジ,-7.375668
デルタヘッジ,-7.2231655
デルタヘッジ,-8.283127
デルタヘッジ,-5.884532
デルタヘッジ,-10.769106
デルタヘッジ,-8.556144
デルタヘッジ,-10.14245
デルタヘッジ,-7.0171247
デルタヘッジ,-8.895173
デルタヘッジ,-9.248097
デルタヘッジ,-3.4744465
デルタヘッジ,-8.854459
デルタヘッジ,-4.32928
デルタヘッジ,-8.879707
デルタヘッジ,-7.480893
デルタヘッジ,-5.095171
デルタヘッジ,-9.331414
デルタヘッジ,-7.9061713
デルタヘッジ,-7.5717263
デルタヘッジ,-10.249787
デルタヘッジ,-6.6971045
デルタヘッジ,-8.189495
デルタヘッジ,-7.7357564
デルタヘッジ,-5.5912127
デルタヘッジ,-7.153653
デルタヘッジ,-13.796031
デルタヘッジ,-8.446631
デルタヘッジ,-9.569151
デルタヘッジ,-9.475099
デルタヘッジ,-6.036086
デルタヘッジ,-8.684345
デルタヘッジ,-7.356162
デルタヘッジ,-6.2264028
デルタヘッジ,-10.5127
デルタヘッジ,-7.444321
デルタヘッジ,-9.225362
デルタヘッジ,-9.391099
デルタヘッジ,-9.091356
デルタヘッジ,-7.926799
デルタヘッジ,-8.932633
デルタヘッジ,-11.52284
デルタヘッジ,-7.4167466
デルタヘッジ,-5.712177
デルタヘッジ,-8.353769
デルタヘッジ,-8.2912
デルタヘッジ,-3.8793502
デルタヘッジ,-5.753382
デルタヘッジ,-6.8106976
デルタヘッジ,-13.797523
デルタヘッジ,-4.2385545
デルタヘッジ,-11.275272
デルタヘッジ,-7.702764
デルタヘッジ,-9.907616
デルタヘッジ,-8.911998
デルタヘッジ,-7.9955187
デルタヘッジ,-7.9495726
デルタヘッジ,-8.8131275
デルタヘッジ,-9.721652
デルタヘッジ,-8.392495
デルタヘッジ,-5.6554775
デルタヘッジ,-7.2293067
デルタヘッジ,-8.492489
デルタヘッジ,-7.6692815
デルタヘッジ,-5.9555807
デルタヘッジ,-9.255837
デルタヘッジ,-7.946869
デルタヘッジ,-11.42442
デルタヘッジ,-5.4077573
デルタヘッジ,-4.748231
デルタヘッジ,-4.9145813
デルタヘッジ,-6.907505
デルタヘッジ,-9.79467
デルタヘッジ,-10.011555
デルタヘッジ,-9.829069
デルタヘッジ,-11.488817
デルタヘッジ,-9.698082
デルタヘッジ,-13.119795
デルタヘッジ,-6.632375
デルタヘッジ,-6.096929
デルタヘッジ,-8.894427
デルタヘッジ,-6.0355077
デルタヘッジ,-7.977533
デルタヘッジ,-17.30608
デルタヘッジ,-9.158647
デルタヘッジ,-7.459256
デルタヘッジ,-8.678999
デルタヘッジ,-11.655081
デルタヘッジ,-6.791773
デルタヘッジ,-8.710094
デルタヘッジ,-8.1463585
デルタヘッジ,-4.9677243
デルタヘッジ,-10.886574
デルタヘッジ,-6.471081
デルタヘッジ,-8.337088
デルタヘッジ,-5.3746343
デルタヘッジ,-7.305529
デルタヘッジ,-9.114446
デルタヘッジ,-8.4975815
デルタヘッジ,-5.5267444
デルタヘッジ,-8.551751
デルタヘッジ,-6.5324607
デルタヘッジ,-10.8246
デルタヘッジ,-14.093704
デルタヘッジ,-13.944938
デルタヘッジ,-5.5784564
デルタヘッジ,-7.8422694
デルタヘッジ,-6.7668433
デルタヘッジ,-9.293083
デルタヘッジ,-6.743758
デルタヘッジ,-9.313518
デルタヘッジ,-10.237182
デルタヘッジ,-9.605158
デルタヘッジ,-9.856291
デルタヘッジ,-8.62199
デルタヘッジ,-12.354982
デルタヘッジ,-9.295886
デルタヘッジ,-7.4765425
デルタヘッジ,-8.42611
デルタヘッジ,-7.9309406
デルタヘッジ,-6.594526
デルタヘッジ,-8.2339525
デルタヘッジ,-8.978713
デルタヘッジ,-9.176789
デルタヘッジ,-5.429841
デルタヘッジ,-7.865794
デルタヘッジ,-8.515465
デルタヘッジ,-9.839209
デルタヘッジ,-9.319905
デルタヘッジ,-9.349715
デルタヘッジ,-7.837422
デルタヘッジ,-11.165768
デルタヘッジ,-9.085364
デルタヘッジ,-11.24636
デルタヘッジ,-7.3617253
デルタヘッジ,-8.568871
デルタヘッジ,-8.254126
デルタヘッジ,-7.6826143
デルタヘッジ,-8.0018015
デルタヘッジ,-7.5891266
デルタヘッジ,-4.842536
デルタヘッジ,-9.51683
デルタヘッジ,-12.158761
デルタヘッジ,-10.754908
デルタヘッジ,-6.876144
デルタヘッジ,-11.556973
デルタヘッジ,-7.577437
デルタヘッジ,-7.639527
デルタヘッジ,-8.461919
デルタヘッジ,-10.233923
デルタヘッジ,-12.523614
デルタヘッジ,-12.133657
デルタヘッジ,-3.7609217
デルタヘッジ,-8.634554
デルタヘッジ,-7.903393
デルタヘッジ,-11.605398
デルタヘッジ,-8.426246
デルタヘッジ,-7.6306415
デルタヘッジ,-8.41362
デルタヘッジ,-3.940961
デルタヘッジ,-7.440835
デルタヘッジ,-8.090534
デルタヘッジ,-8.82028
デルタヘッジ,-10.127672
デルタヘッジ,-9.709865
デルタヘッジ,-8.3243065
デルタヘッジ,-5.763403
デルタヘッジ,-9.110106
デルタヘッジ,-8.304024
デルタヘッジ,-7.1659656
デルタヘッジ,-11.405352
デルタヘッジ,-4.9717717
デルタヘッジ,-10.240748
デルタヘッジ,-12.434434
デルタヘッジ,-6.400595
デルタヘッジ,-6.289523
デルタヘッジ,-9.024271
デルタヘッジ,-10.793748
デルタヘッジ,-10.339204
デルタヘッジ,-7.677087
デルタヘッジ,-6.0143313
デルタヘッジ,-7.822956
デルタヘッジ,-8.163666
デルタヘッジ,-7.0768867
デルタヘッジ,-8.074607
デルタヘッジ,-11.731558
デルタヘッジ,-6.337077
デルタヘッジ,-11.474767
デルタヘッジ,-8.913646
デルタヘッジ,-6.5038934
デルタヘッジ,-7.339229
デルタヘッジ,-7.4007497
デルタヘッジ,-8.850442
デルタヘッジ,-10.579234
デルタヘッジ,-11.850403
デルタヘッジ,-9.663619
デルタヘッジ,-7.3226066
デルタヘッジ,-5.9569364
デルタヘッジ,-7.8544083
デルタヘッジ,-7.4055915
デルタヘッジ,-9.062686
デルタヘッジ,-9.795963
デルタヘッジ,-9.484394
デルタヘッジ,-12.514819
デルタヘッジ,-4.931874
デルタヘッジ,-4.575726
デルタヘッジ,-5.5860553
デルタヘッジ,-5.6696057
デルタヘッジ,-3.0517333
デルタヘッジ,-4.80753
デルタヘッジ,-5.7313414
デルタヘッジ,-5.7196765
デルタヘッジ,-10.488263
デルタヘッジ,-10.022507
デルタヘッジ,-8.972264
デルタヘッジ,-3.3075218
デルタヘッジ,-6.699635
デルタヘッジ,-9.972121
デルタヘッジ,-8.065427
デルタヘッジ,-4.8510966
デルタヘッジ,-9.244838
デルタヘッジ,-9.466077
デルタヘッジ,-7.2816358
デルタヘッジ,-4.545643
デルタヘッジ,-6.6398053
デルタヘッジ,-7.4898453
デルタヘッジ,-6.856292
デルタヘッジ,-5.873008
デルタヘッジ,-10.321857
デルタヘッジ,-8.584648
デルタヘッジ,-7.431686
デルタヘッジ,-6.899459
デルタヘッジ,-6.8385787
デルタヘッジ,-8.260566
デルタヘッジ,-3.726184
デルタヘッジ,-6.425204
デルタヘッジ,-9.15497
デルタヘッジ,-9.643231
デルタヘッジ,-12.334991
デルタヘッジ,-5.252111
デルタヘッジ,-10.562427
デルタヘッジ,-10.473604
デルタヘッジ,-11.204194
デルタヘッジ,-5.5787992
デルタヘッジ,-6.26864
デルタヘッジ,-7.523419
デルタヘッジ,-7.037987
デルタヘッジ,-9.779383
デルタヘッジ,-9.143728
デルタヘッジ,-5.4917994
デルタヘッジ,-10.060253
デルタヘッジ,-7.916759
デルタヘッジ,-7.9161563
デルタヘッジ,-9.056931
デルタヘッジ,-5.3699183
デルタヘッジ,-10.250316
デルタヘッジ,-4.3972235
デルタヘッジ,-6.443861
デルタヘッジ,-6.8349853
デルタヘッジ,-8.79167
デルタヘッジ,-7.355652
デルタヘッジ,-7.3019166
デルタヘッジ,-7.476183
デルタヘッジ,-6.328792
デルタヘッジ,-5.8010745
デルタヘッジ,-6.7760267
デルタヘッジ,-9.63935
デルタヘッジ,-8.580774
デルタヘッジ,-7.667595
デルタヘッジ,-8.170144
デルタヘッジ,-9.280844
デルタヘッジ,-10.616942
デルタヘッジ,-4.2526355
デルタヘッジ,-9.800308
デルタヘッジ,-9.82582
デルタヘッジ,-12.897057
デルタヘッジ,-2.7935946
デルタヘッジ,-11.558459
デルタヘッジ,-7.3569493
デルタヘッジ,-14.770289
デルタヘッジ,-9.388281
デルタヘッジ,-8.331123
デルタヘッジ,-9.187886
デルタヘッジ,-9.130891
デルタヘッジ,-6.1234474
デルタヘッジ,-8.407509
デルタヘッジ,-6.23719
デルタヘッジ,-5.9464445
デルタヘッジ,-8.576143
デルタヘッジ,-7.872179
デルタヘッジ,-9.263375
デルタヘッジ,-7.627399
デルタヘッジ,-12.598229
デルタヘッジ,-13.3397665
デルタヘッジ,-10.290461
デルタヘッジ,-10.222434
デルタヘッジ,-5.433043
デルタヘッジ,-7.683239
デルタヘッジ,-10.608356
デルタヘッジ,-3.2147636
デルタヘッジ,-7.6772766
デルタヘッジ,-10.946039
デルタヘッジ,-9.916575
デルタヘッジ,-5.4815416
デルタヘッジ,-6.872191
デルタヘッジ,-8.785079
デルタヘッジ,-10.676622
デルタヘッジ,-4.750955
デルタヘッジ,-7.5349703
デルタヘッジ,-8.531227
デルタヘッジ,-7.294115
デルタヘッジ,-12.915798
デルタヘッジ,-6.9217987
デルタヘッジ,-7.5168004
デルタヘッジ,-9.509753
デルタヘッジ,-8.949775
デルタヘッジ,-5.923577
デルタヘッジ,-7.985525
デルタヘッジ,-8.52257
デルタヘッジ,-10.413916
デルタヘッジ,-10.2248955
デルタヘッジ,-9.904405
デルタヘッジ,-7.648356
デルタヘッジ,-5.973373
デルタヘッジ,-9.45334
デルタヘッジ,-4.9169707
デルタヘッジ,-10.790925
デルタヘッジ,-11.887124
デルタヘッジ,-13.751903
デルタヘッジ,-5.9856744
デルタヘッジ,-5.957646
デルタヘッジ,-6.877986
デルタヘッジ,-6.7048354
デルタヘッジ,-9.370491
デルタヘッジ,-6.421156
デルタヘッジ,-10.307812
デルタヘッジ,-4.234859
デルタヘッジ,-10.666343
デルタヘッジ,-6.184863
デルタヘッジ,-7.849944
デルタヘッジ,-8.03338
デルタヘッジ,-9.309315
デルタヘッジ,-7.7149324
デルタヘッジ,-10.261172
デルタヘッジ,-8.102445
デルタヘッジ,-8.216899
デルタヘッジ,-7.517896
デルタヘッジ,-6.0119667
デルタヘッジ,-6.6945763
デルタヘッジ,-7.1676164
デルタヘッジ,-7.6242623
デルタヘッジ,-3.828765
デルタヘッジ,-9.0676
デルタヘッジ,-5.9656925
デルタヘッジ,-9.921715
デルタヘッジ,-10.651103
デルタヘッジ,-8.877516
デルタヘッジ,-2.424931
デルタヘッジ,-5.7297335
デルタヘッジ,-9.87693
デルタヘッジ,-7.370707
デルタヘッジ,-8.152773
デルタヘッジ,-7.4331985
デルタヘッジ,-7.271646
デルタヘッジ,-8.043851
デルタヘッジ,-11.4861355
デルタヘッジ,-7.7235613
デルタヘッジ,-7.854369
デルタヘッジ,-7.9780664
デルタヘッジ,-7.084967
デルタヘッジ,-8.719083
デルタヘッジ,-7.572454
デルタヘッジ,-8.30701
デルタヘッジ,-5.763485
デルタヘッジ,-6.1906214
デルタヘッジ,-5.0987144
デルタヘッジ,-11.718065
デルタヘッジ,-4.7024827
デルタヘッジ,-5.0929823
デルタヘッジ,-11.851402
デルタヘッジ,-8.146234
デルタヘッジ,-7.4797125
デルタヘッジ,-8.091908
デルタヘッジ,-8.6638155
デルタヘッジ,-3.6010168
デルタヘッジ,-7.280605
デルタヘッジ,-6.561457
デルタヘッジ,-8.728952
デルタヘッジ,-6.607156
デルタヘッジ,-6.1679196
デルタヘッジ,-8.190645
デルタヘッジ,-6.815323
デルタヘッジ,-7.691116
デルタヘッジ,-10.647361
デルタヘッジ,-10.441677
デルタヘッジ,-7.4638786
デルタヘッジ,-9.823969
デルタヘッジ,-8.61444
デルタヘッジ,-11.156882
デルタヘッジ,-7.046998
デルタヘッジ,-11.185308
デルタヘッジ,-8.475074
デルタヘッジ,-4.37397
デルタヘッジ,-7.2186
デルタヘッジ,-12.041455
デルタヘッジ,-9.855215
デルタヘッジ,-9.314309
デルタヘッジ,-8.395708
デルタヘッジ,-5.846664
デルタヘッジ,-8.802229
デルタヘッジ,-7.858362
デルタヘッジ,-5.936099
デルタヘッジ,-9.174919
デルタヘッジ,-9.011288
デルタヘッジ,-4.6909375
デルタヘッジ,-11.593547
デルタヘッジ,-10.603902
デルタヘッジ,-10.326576
デルタヘッジ,-7.559533
デルタヘッジ,-7.166253
デルタヘッジ,-13.296759
デルタヘッジ,-9.320566
デルタヘッジ,-9.828229
デルタヘッジ,-7.6255507
デルタヘッジ,-6.8391385
デルタヘッジ,-3.2239826
デルタヘッジ,-8.6155815
デルタヘッジ,-8.503554
デルタヘッジ,-10.205167
デルタヘッジ,-6.5302715
デルタヘッジ,-5.662421
デルタヘッジ,-9.550332
デルタヘッジ,-4.8365235
デルタヘッジ,-7.995905
デルタヘッジ,-9.776226
デルタヘッジ,-11.39305
デルタヘッジ,-6.18749
デルタヘッジ,-7.991961
デルタヘッジ,-8.235747
デルタヘッジ,-5.988214
デルタヘッジ,-9.86915
デルタヘッジ,-4.6838827
デルタヘッジ,-10.366793
デルタヘッジ,-7.54825
デルタヘッジ,-9.976659
デルタヘッジ,-11.500511
デルタヘッジ,-10.842421
デルタヘッジ,-8.997364
デルタヘッジ,-7.552308
デルタヘッジ,-10.667368
デルタヘッジ,-7.6534085
デルタヘッジ,-5.3652005
デルタヘッジ,-7.770776
デルタヘッジ,-9.088864
デルタヘッジ,-7.9033265
デルタヘッジ,-8.899426
デルタヘッジ,-6.6944785
デルタヘッジ,-6.0774326
デルタヘッジ,-7.6312227
デルタヘッジ,-4.0873756
デルタヘッジ,-7.859666
デルタヘッジ,-7.0809355
デルタヘッジ,-9.153129
デルタヘッジ,-8.633658
デルタヘッジ,-8.067637
デルタヘッジ,-6.31516
デルタヘッジ,-9.648668
デルタヘッジ,-8.955662
デルタヘッジ,-7.7291393
デルタヘッジ,-11.628866
デルタヘッジ,-12.041826
デルタヘッジ,-13.344803
デルタヘッジ,-8.212876
デルタヘッジ,-9.094194
デルタヘッジ,-8.730726
デルタヘッジ,-7.614267
デルタヘッジ,-6.0318923
デルタヘッジ,-6.5258083
デルタヘッジ,-3.7508218
デルタヘッジ,-9.306687
デルタヘッジ,-9.553096
デルタヘッジ,-8.580449
デルタヘッジ,-6.2794175
デルタヘッジ,-6.234307
デルタヘッジ,-7.672895
デルタヘッジ,-5.938824
デルタヘッジ,-11.102145
デルタヘッジ,-7.45144
デルタヘッジ,-6.7357817
デルタヘッジ,-9.202039
デルタヘッジ,-7.4552617
デルタヘッジ,-8.923488
デルタヘッジ,-9.73865
デルタヘッジ,-4.520749
デルタヘッジ,-3.821078
デルタヘッジ,-7.691194
デルタヘッジ,-11.27401
デルタヘッジ,-8.625232
デルタヘッジ,-6.5008163
デルタヘッジ,-6.7019663
デルタヘッジ,-8.193967
デルタヘッジ,-10.645583
デルタヘッジ,-8.551364
デルタヘッジ,-13.538038
デルタヘッジ,-8.024431
デルタヘッジ,-8.281605
デルタヘッジ,-8.934924
デルタヘッジ,-8.478155
デルタヘッジ,-9.16591
デルタヘッジ,-6.932864
デルタヘッジ,-6.6016774
デルタヘッジ,-9.40169
デルタヘッジ,-14.925043
デルタヘッジ,-12.483826
デルタヘッジ,-5.8306503
デルタヘッジ,-7.8259096
デルタヘッジ,-8.340908
デルタヘッジ,-7.9902754
デルタヘッジ,-10.1832485
デルタヘッジ,-9.032789
デルタヘッジ,-7.029606
デルタヘッジ,-8.113049
デルタヘッジ,-9.138479
デルタヘッジ,-4.9255104
デルタヘッジ,-9.278061
デルタヘッジ,-5.5002017
デルタヘッジ,-5.568742
デルタヘッジ,-7.197703
デルタヘッジ,-8.807117
デルタヘッジ,-7.7724595
デルタヘッジ,-4.071671
デルタヘッジ,-7.112878
デルタヘッジ,-7.120519
デルタヘッジ,-6.622049
デルタヘッジ,-9.332654
デルタヘッジ,-7.0995994
デルタヘッジ,-7.709719
デルタヘッジ,-10.460842
デルタヘッジ,-4.3177257
デルタヘッジ,-6.426093
デルタヘッジ,-5.6848655
デルタヘッジ,-8.768333
デルタヘッジ,-8.644021
デルタヘッジ,-7.621274
デルタヘッジ,-3.5268354
デルタヘッジ,-7.4901767
デルタヘッジ,-6.5571423
デルタヘッジ,-7.0731287
デルタヘッジ,-13.381869
デルタヘッジ,-5.5874343
デルタヘッジ,-4.9597235
デルタヘッジ,-5.2084904
デルタヘッジ,-9.346484
デルタヘッジ,-5.6071777
デルタヘッジ,-9.459997
デルタヘッジ,-8.476099
デルタヘッジ,-8.995137
デルタヘッジ,-7.0541945
デルタヘッジ,-7.1154714
デルタヘッジ,-6.11419
デルタヘッジ,-7.0018144
デルタヘッジ,-11.577377
デルタヘッジ,-8.202045
デルタヘッジ,-2.8755362
デルタヘッジ,-7.635378
デルタヘッジ,-6.3833556
デルタヘッジ,-4.3986187
デルタヘッジ,-9.061287
デルタヘッジ,-8.863047
デルタヘッジ,-7.1779294
デルタヘッジ,-6.8179955
デルタヘッジ,-6.2825236
デルタヘッジ,-13.364789
デルタヘッジ,-5.189496
デルタヘッジ,-9.136564
デルタヘッジ,-13.283198
デルタヘッジ,-9.481096
デルタヘッジ,-5.604933
デルタヘッジ,-4.424423
デルタヘッジ,-7.1120815
デルタヘッジ,-3.9207714
デルタヘッジ,-7.7593107
デルタヘッジ,-8.79392
デルタヘッジ,-8.312304
デルタヘッジ,-10.456801
デルタヘッジ,-8.041596
デルタヘッジ,-7.6146727
デルタヘッジ,-9.449302
デルタヘッジ,-8.288314
デルタヘッジ,-11.626445
デルタヘッジ,-11.137658
デルタヘッジ,-8.080622
デルタヘッジ,-9.513001
デルタヘッジ,-11.659645
デルタヘッジ,-8.2918415
デルタヘッジ,-8.301295
デルタヘッジ,-7.529935
デルタヘッジ,-5.0120625
デルタヘッジ,-7.661767
デルタヘッジ,-8.381261
デルタヘッジ,-5.503462
デルタヘッジ,-8.44995
デルタヘッジ,-2.8509986
デルタヘッジ,-8.808605
デルタヘッジ,-7.520035
デルタヘッジ,-5.600804
デルタヘッジ,-3.7680554
デルタヘッジ,-7.174973
デルタヘッジ,-6.916125
デルタヘッジ,-9.670488
デルタヘッジ,-7.439175
デルタヘッジ,-8.273278
デルタヘッジ,-8.185512
デルタヘッジ,-6.111031
デルタヘッジ,-8.1491375
デルタヘッジ,-9.46275
デルタヘッジ,-9.58897
デルタヘッジ,-9.073085
デルタヘッジ,-9.399709
デルタヘッジ,-5.5246506
デルタヘッジ,-5.6463423
デルタヘッジ,-7.0949383
デルタヘッジ,-7.2737374
デルタヘッジ,-6.0695357
デルタヘッジ,-4.529109
デルタヘッジ,-8.539453
デルタヘッジ,-7.6669536
デルタヘッジ,-7.2887793
デルタヘッジ,-7.2428246
デルタヘッジ,-11.616741
デルタヘッジ,-8.31185
デルタヘッジ,-8.501822
デルタヘッジ,-9.241097
デルタヘッジ,-8.168659
デルタヘッジ,-7.3892264
デルタヘッジ,-5.588523
デルタヘッジ,-7.3074436
デルタヘッジ,-9.496063
デルタヘッジ,-7.7793145
デルタヘッジ,-7.316065
デルタヘッジ,-5.6155477
デルタヘッジ,-3.7348788
デルタヘッジ,-9.872136
デルタヘッジ,-7.386377
デルタヘッジ,-7.073467
デルタヘッジ,-10.278498
デルタヘッジ,-10.351045
デルタヘッジ,-7.924709
デルタヘッジ,-6.6304517
デルタヘッジ,-8.191483
デルタヘッジ,-3.4462516
デルタヘッジ,-8.852663
デルタヘッジ,-8.467705
デルタヘッジ,-4.061228
デルタヘッジ,-10.059047
デルタヘッジ,-7.2588363
デルタヘッジ,-11.907878
デルタヘッジ,-6.1276603
デルタヘッジ,-5.7917027
デルタヘッジ,-6.0518165
デルタヘッジ,-7.6308885
デルタヘッジ,-9.023621
デルタヘッジ,-9.669799
デルタヘッジ,-7.495036
デルタヘッジ,-8.460443
デルタヘッジ,-6.0974464
デルタヘッジ,-8.5977955
デルタヘッジ,-7.565189
デルタヘッジ,-5.530522
デルタヘッジ,-7.346113
デルタヘッジ,-7.849579
デルタヘッジ,-6.1786494
デルタヘッジ,-7.1063633
デルタヘッジ,-9.439512
デルタヘッジ,-5.703877
デルタヘッジ,-10.580324
デルタヘッジ,-7.136241
デルタヘッジ,-6.0802636
デルタヘッジ,-6.7331076
デルタヘッジ,-7.4745398
デルタヘッジ,-9.792246
デルタヘッジ,-7.5989723
デルタヘッジ,-9.564225
デルタヘッジ,-8.402723
デルタヘッジ,-7.6546774
デルタヘッジ,-10.03211
デルタヘッジ,-9.792145
